0 0 0 0 0 0 0 0 0 0 0 0 0 0 0 0 0 0 0 0 0 0 0 0 0 0 0 0 108 196 228 164 156 152 151 152 152 154 157 157 159 162 164 165 169 170 173 174 177 179 181 184 181 166 160 153 150 147 144 143 142 141 140 141 138 140 140 140 141 141 141 149 153 157 160 164 167 171 172 178 183 188 191 194 200 207 216 230 249 253 253 248 244 243 242 241 239 225 214 206 200 194 192 187 183 179 175 171 166 159 159 159 158 158 159 158 161 161 163 166 170 175 189 191 189 190 188 186 183 181 179 177 174 173 170 169 165 164 162 159 157 157 154 152 152 151 151 156 164 228 196 108 0 0 0 0 0 0 0 0 0 0 0 0 0 0 0 0 0 0 0 0 0 0 0 0 0 0 0 0 
0 0 0 0 0 0 0 0 0 0 0 0 0 0 0 0 0 0 0 0 0 0 0 0 0 0 0 0 108 196 228 174 157 150 155 152 153 155 156 158 160 162 163 167 167 171 172 175 176 179 181 184 181 164 157 153 149 146 144 143 142 141 141 140 141 140 141 141 141 142 149 151 156 158 162 165 168 171 175 177 183 187 190 195 199 204 216 231 249 250 251 250 246 242 238 240 241 227 213 206 199 195 189 187 182 178 173 170 161 160 159 158 158 158 157 160 159 162 163 165 169 176 189 191 190 189 188 185 183 181 178 176 175 172 171 168 166 164 162 159 158 155 155 154 146 135 146 157 174 228 196 108 0 0 0 0 0 0 0 0 0 0 0 0 0 0 0 0 0 0 0 0 0 0 0 0 0 0 0 0 
0 0 0 0 0 0 0 0 0 0 0 0 0 0 0 0 0 0 0 0 0 0 0 0 0 0 0 0 124 197 222 158 160 153 152 153 163 165 155 156 157 162 164 165 169 170 173 176 177 179 182 179 171 162 156 153 149 150 148 146 146 141 142 141 142 145 145 141 144 142 148 154 158 161 167 167 172 174 177 180 181 185 190 195 199 205 217 229 236 247 248 249 249 245 237 238 240 235 218 207 200 195 189 185 177 177 170 163 158 158 153 155 151 153 153 155 156 158 159 171 175 186 195 192 189 188 186 186 183 181 179 177 175 174 170 169 166 163 154 150 147 149 165 163 153 152 154 157 137 216 197 124 0 0 0 0 0 0 0 0 0 0 0 0 0 0 0 0 0 0 0 0 0 0 0 0 0 0 0 0 
0 0 0 0 0 0 0 0 0 0 0 0 0 0 0 0 0 0 0 0 0 0 0 0 0 0 0 4 128 183 221 186 171 148 136 150 155 159 165 167 168 157 156 164 168 171 172 175 177 180 182 182 170 164 158 156 147 145 146 150 144 143 144 143 143 142 142 144 142 147 151 156 159 163 165 170 172 176 179 182 184 189 189 193 199 208 216 222 232 249 247 247 245 246 242 235 236 243 223 209 200 195 187 182 178 172 168 159 158 157 157 155 157 155 156 154 153 158 161 164 169 185 188 187 190 190 191 189 187 181 180 176 175 172 165 160 164 156 154 160 166 165 159 152 138 135 136 172 171 205 183 128 4 0 0 0 0 0 0 0 0 0 0 0 0 0 0 0 0 0 0 0 0 0 0 0 0 0 0 0 
0 0 0 0 0 0 0 0 0 0 0 0 0 0 0 0 0 0 0 0 0 0 0 0 0 0 0 9 122 202 232 175 144 159 168 163 141 141 164 168 169 177 170 163 160 163 173 175 182 185 186 176 167 163 151 146 148 143 146 146 144 143 142 143 143 144 147 147 147 154 160 160 163 166 169 167 170 174 176 180 184 188 190 195 200 206 213 220 228 244 247 244 245 240 239 238 236 235 219 210 203 190 183 178 173 170 165 158 157 157 156 157 157 158 154 155 157 159 161 165 170 186 188 191 184 185 187 185 184 186 184 182 168 165 162 160 162 165 169 164 162 154 141 140 153 162 148 144 153 210 202 122 9 0 0 0 0 0 0 0 0 0 0 0 0 0 0 0 0 0 0 0 0 0 0 0 0 0 0 0 
0 0 0 0 0 0 0 0 0 0 0 0 0 0 0 0 0 0 0 0 0 0 0 0 0 0 0 15 129 204 229 174 154 163 146 151 170 158 155 155 161 170 172 170 168 164 170 181 184 184 183 175 162 157 150 143 142 147 152 149 149 147 147 148 153 147 147 146 149 156 157 160 165 167 170 173 173 174 179 180 184 188 193 195 197 204 212 218 227 238 248 246 244 242 240 238 238 236 224 211 199 192 182 175 173 166 155 154 152 154 151 153 152 154 154 162 158 159 166 175 180 192 188 185 183 184 186 189 183 181 180 174 174 170 163 169 167 164 154 153 156 155 158 148 146 149 148 141 159 200 202 129 15 0 0 0 0 0 0 0 0 0 0 0 0 0 0 0 0 0 0 0 0 0 0 0 0 0 0 0 
0 0 0 0 0 0 0 0 0 0 0 0 0 0 0 0 0 0 0 0 0 0 0 0 0 0 0 16 136 219 212 183 160 152 158 167 150 150 164 175 164 159 162 170 175 178 172 174 178 185 178 164 157 158 150 148 146 153 150 150 148 148 146 147 143 141 140 144 154 158 161 170 166 170 172 172 177 179 179 183 186 190 192 193 196 204 207 214 224 234 250 244 242 238 240 236 236 235 227 211 201 194 189 179 169 159 157 155 158 149 150 149 148 147 149 155 160 161 167 167 180 189 189 188 188 184 187 185 180 172 173 170 171 172 178 175 158 156 152 164 168 153 143 142 150 146 145 144 163 177 216 136 16 0 0 0 0 0 0 0 0 0 0 0 0 0 0 0 0 0 0 0 0 0 0 0 0 0 0 0 
0 0 0 0 0 0 0 0 0 0 0 0 0 0 0 0 0 0 0 0 0 0 0 0 0 0 0 25 146 223 210 178 161 151 171 149 156 164 156 153 166 176 158 164 172 179 180 173 173 172 174 166 159 159 150 146 149 147 150 146 147 147 145 145 143 149 146 153 156 159 163 166 170 172 172 176 177 174 178 180 184 190 195 193 195 202 208 212 223 227 241 246 244 238 235 234 233 237 226 207 201 192 181 175 170 159 156 156 154 149 148 148 150 150 157 152 156 158 164 175 185 189 187 185 182 186 190 186 179 179 172 168 169 177 170 166 163 158 164 154 154 154 146 146 150 141 148 136 161 169 216 146 25 0 0 0 0 0 0 0 0 0 0 0 0 0 0 0 0 0 0 0 0 0 0 0 0 0 0 0 
0 0 0 0 0 0 0 0 0 0 0 0 0 0 0 0 0 0 0 0 0 0 0 0 0 0 0 33 156 225 214 169 168 156 160 158 154 155 167 166 157 160 178 170 166 170 185 183 179 173 162 163 159 160 151 146 143 151 150 149 152 146 150 143 145 146 149 157 160 165 165 166 167 166 173 172 179 184 183 186 184 187 193 194 196 201 206 212 221 225 236 248 243 238 234 231 231 233 228 208 196 188 185 176 162 157 151 151 151 149 151 147 147 146 148 150 153 165 162 179 187 191 189 183 183 185 188 179 179 177 176 179 170 167 166 167 167 161 154 152 156 156 148 141 150 144 146 146 148 169 214 156 33 0 0 0 0 0 0 0 0 0 0 0 0 0 0 0 0 0 0 0 0 0 0 0 0 0 0 0 
0 0 0 0 0 0 0 0 0 0 0 0 0 0 0 0 0 0 0 0 0 0 0 0 0 0 0 45 164 228 218 166 170 155 158 154 151 163 170 155 166 166 166 171 178 168 171 177 183 175 161 160 160 155 153 146 148 150 151 152 149 144 145 146 149 152 153 159 163 163 165 165 168 174 171 177 179 183 183 185 190 188 188 191 194 202 202 206 215 222 228 239 241 242 235 232 229 231 231 214 193 184 182 173 162 155 155 150 148 147 148 148 146 146 151 152 153 156 163 173 190 188 186 188 185 188 178 179 176 174 181 174 171 167 164 165 164 162 155 151 152 151 145 150 136 150 135 156 140 171 207 164 45 0 0 0 0 0 0 0 0 0 0 0 0 0 0 0 0 0 0 0 0 0 0 0 0 0 0 0 
0 0 0 0 0 0 0 0 0 0 0 0 0 0 0 0 0 0 0 0 0 0 0 0 0 0 0 62 173 232 212 170 171 159 154 160 152 159 161 163 162 166 168 165 172 185 178 171 176 175 158 155 157 156 156 146 147 147 152 153 150 146 144 151 152 153 162 163 160 161 168 168 169 173 179 179 187 180 183 183 185 185 194 190 195 203 204 209 214 219 224 235 240 238 236 233 229 232 227 209 194 186 173 172 161 157 152 149 146 150 144 146 146 148 149 156 155 157 168 178 192 189 185 185 180 182 182 182 182 175 172 169 173 167 172 165 159 154 160 155 146 161 144 142 144 142 139 144 145 164 204 173 62 0 0 0 0 0 0 0 0 0 0 0 0 0 0 0 0 0 0 0 0 0 0 0 0 0 0 0 
0 0 0 0 0 0 0 0 0 0 0 0 0 0 0 0 0 0 0 0 0 0 0 0 0 0 2 77 186 237 201 182 162 164 149 161 155 163 158 162 172 163 164 174 172 167 175 177 172 172 165 159 149 149 160 156 148 147 148 156 149 146 150 145 153 159 162 161 163 170 164 168 173 183 182 176 176 178 180 182 187 186 192 194 199 200 205 205 209 213 220 225 234 238 234 236 229 226 223 209 192 183 168 160 157 164 160 148 145 145 146 140 143 147 148 151 151 163 164 179 189 189 188 189 187 182 178 177 179 178 181 169 163 166 166 161 160 162 152 158 152 144 154 137 149 133 143 140 155 152 198 186 77 1 0 0 0 0 0 0 0 0 0 0 0 0 0 0 0 0 0 0 0 0 0 0 0 0 0 0 
0 0 0 0 0 0 0 0 0 0 0 0 0 0 0 0 0 0 0 0 0 0 0 0 0 0 6 99 192 237 190 176 160 160 156 151 165 157 167 161 165 163 169 169 169 170 170 185 177 159 156 161 153 152 153 158 153 144 147 151 158 150 147 146 153 166 162 161 164 166 168 169 176 177 179 175 181 180 179 191 187 194 190 192 192 198 199 203 207 213 218 223 227 236 236 229 227 226 229 208 191 178 167 161 156 157 152 152 145 144 144 144 140 146 149 151 152 160 166 192 189 188 183 183 190 183 182 176 180 176 171 170 172 167 155 167 164 152 160 151 154 154 144 148 140 136 143 137 146 143 182 191 99 6 0 0 0 0 0 0 0 0 0 0 0 0 0 0 0 0 0 0 0 0 0 0 0 0 0 0 
0 0 0 0 0 0 0 0 0 0 0 0 0 0 0 0 0 0 0 0 0 0 0 0 0 0 15 124 203 237 195 175 162 150 171 154 160 171 163 160 164 170 168 174 167 176 181 175 170 174 156 155 161 157 151 150 153 154 148 153 154 155 145 148 158 168 166 164 163 164 175 177 170 171 180 176 176 182 189 185 189 185 184 194 193 197 202 210 207 213 214 217 234 233 234 232 224 222 221 206 188 183 164 157 151 146 147 146 149 147 142 143 141 144 150 154 155 158 172 187 197 189 184 184 182 185 175 179 179 173 175 170 169 166 169 153 161 162 148 156 143 156 152 148 141 141 132 139 143 152 173 198 124 15 0 0 0 0 0 0 0 0 0 0 0 0 0 0 0 0 0 0 0 0 0 0 0 0 0 0 
0 0 0 0 0 0 0 0 0 0 0 0 0 0 0 0 0 0 0 0 0 0 0 0 0 0 25 150 210 232 197 169 165 165 163 163 159 166 156 169 165 168 165 176 170 172 173 181 165 158 171 151 150 156 155 149 151 151 154 145 147 153 151 150 156 164 169 166 166 168 178 177 173 173 179 179 182 184 191 183 184 184 192 191 196 195 204 203 205 214 216 212 217 228 230 230 225 224 217 206 184 172 161 161 155 149 143 144 148 148 145 138 143 140 146 148 152 156 171 187 185 184 184 186 183 177 182 178 171 181 175 170 169 170 157 166 159 151 159 147 158 145 149 147 140 145 138 139 145 149 160 199 150 24 0 0 0 0 0 0 0 0 0 0 0 0 0 0 0 0 0 0 0 0 0 0 0 0 0 0 
0 0 0 0 0 0 0 0 0 0 0 0 0 0 0 0 0 0 0 0 0 0 0 0 0 0 48 164 221 238 184 161 175 159 156 164 158 158 174 155 166 172 169 170 169 179 175 172 172 157 155 158 153 151 153 155 147 155 150 150 149 153 154 151 159 166 170 165 169 172 181 177 174 176 177 178 180 189 182 182 183 193 191 192 194 205 198 203 200 212 211 205 212 222 231 230 226 228 226 199 179 167 165 159 151 149 145 141 145 151 148 140 137 141 147 150 150 161 178 191 184 184 191 183 178 182 181 176 173 175 163 179 170 160 165 154 166 157 162 152 148 157 147 141 141 140 136 149 136 135 165 195 164 48 0 0 0 0 0 0 0 0 0 0 0 0 0 0 0 0 0 0 0 0 0 0 0 0 0 0 
0 0 0 0 0 0 0 0 0 0 0 0 0 0 0 0 0 0 0 0 0 0 0 0 0 1 75 178 227 226 165 175 169 160 163 160 165 162 169 158 171 163 166 181 170 172 178 167 162 164 157 154 154 154 148 154 151 148 150 154 145 146 153 159 159 159 174 168 166 168 176 173 172 179 177 180 179 185 182 181 185 184 187 194 198 195 196 200 204 205 210 207 208 214 220 227 225 219 219 206 175 161 157 157 152 150 147 141 140 145 143 138 139 147 144 151 148 158 174 189 188 187 184 181 180 182 173 179 177 168 180 163 165 172 157 163 162 159 147 157 143 151 147 145 142 144 137 136 146 127 152 186 178 75 1 0 0 0 0 0 0 0 0 0 0 0 0 0 0 0 0 0 0 0 0 0 0 0 0 0 
0 0 0 0 0 0 0 0 0 0 0 0 0 0 0 0 0 0 0 0 0 0 0 0 0 7 105 187 238 217 166 179 158 172 157 154 173 160 163 174 159 172 167 170 171 171 171 172 156 157 160 151 152 154 148 150 153 150 148 148 152 148 157 163 160 162 176 166 167 171 175 178 174 180 181 186 189 179 181 183 183 188 188 194 191 192 192 197 200 204 210 204 206 205 212 220 219 219 216 194 170 168 153 158 157 150 144 137 139 144 145 138 142 149 143 143 152 162 173 183 185 186 177 184 183 174 179 175 170 180 164 167 172 160 159 160 162 153 162 148 151 148 143 145 134 137 146 135 140 130 139 172 187 105 7 0 0 0 0 0 0 0 0 0 0 0 0 0 0 0 0 0 0 0 0 0 0 0 0 0 
0 0 0 0 0 0 0 0 0 0 0 0 0 0 0 0 0 0 0 0 0 0 0 0 0 16 131 194 245 200 178 167 169 169 160 166 161 171 161 168 169 165 173 174 173 174 173 160 166 152 154 158 150 150 155 154 148 153 148 153 159 152 156 169 162 166 173 170 169 173 177 178 177 176 177 180 182 187 181 188 188 188 187 191 194 197 195 197 196 202 199 200 210 207 211 217 220 212 213 196 174 161 161 148 148 143 145 143 140 144 145 137 144 150 143 144 157 161 174 192 191 181 182 184 179 178 174 170 179 167 169 170 165 166 164 157 161 155 157 146 151 150 152 142 144 139 137 143 136 139 134 162 190 131 16 0 0 0 0 0 0 0 0 0 0 0 0 0 0 0 0 0 0 0 0 0 0 0 0 0 
0 0 0 0 0 0 0 0 0 0 0 0 0 0 0 0 0 0 0 0 0 0 0 0 0 46 148 211 252 199 178 171 165 161 165 158 162 166 163 163 172 169 164 174 171 173 172 165 153 160 151 156 156 151 154 159 148 154 149 146 154 157 164 168 163 166 170 171 170 178 174 175 181 175 176 186 180 179 184 186 184 191 183 186 193 198 193 202 194 196 197 200 206 203 212 213 211 215 209 183 173 161 152 148 155 139 139 142 138 138 139 135 144 141 145 145 162 165 179 193 179 184 191 175 184 181 172 177 171 171 169 166 165 170 158 160 156 156 152 156 150 147 144 144 137 141 136 133 137 136 138 152 197 147 46 0 0 0 0 0 0 0 0 0 0 0 0 0 0 0 0 0 0 0 0 0 0 0 0 0 
0 0 0 0 0 0 0 0 0 0 0 0 0 0 0 0 0 0 0 0 0 0 0 0 1 66 168 230 235 192 172 171 151 167 162 163 157 166 169 162 165 170 168 172 167 174 167 162 158 147 162 150 155 150 148 153 150 148 158 146 158 161 163 166 166 165 170 169 172 175 174 180 176 172 184 181 179 185 181 184 188 187 181 193 192 196 196 201 194 199 200 195 205 202 206 206 210 206 204 183 168 160 160 147 150 149 134 138 146 139 133 140 143 140 142 149 152 160 188 189 179 187 178 178 177 176 178 173 175 170 165 162 171 161 161 156 158 156 153 143 151 146 150 137 143 139 140 129 137 130 146 131 196 168 66 1 0 0 0 0 0 0 0 0 0 0 0 0 0 0 0 0 0 0 0 0 0 0 0 0 
0 0 0 0 0 0 0 0 0 0 0 0 0 0 0 0 0 0 0 0 0 0 0 0 5 99 181 235 237 180 170 171 162 163 165 166 165 154 169 169 157 172 168 168 173 174 168 158 159 153 154 152 148 156 150 153 150 144 153 151 162 158 163 167 170 163 172 172 177 172 171 178 179 174 181 179 183 185 179 186 186 184 188 184 188 198 188 191 191 192 193 197 195 194 204 202 199 214 192 181 172 159 151 156 147 139 141 137 137 138 133 144 140 137 148 151 151 160 177 192 187 178 180 179 178 175 170 176 167 174 164 168 162 165 163 155 159 154 153 146 149 151 135 150 140 142 139 138 131 136 129 140 171 181 99 5 0 0 0 0 0 0 0 0 0 0 0 0 0 0 0 0 0 0 0 0 0 0 0 0 
0 0 0 0 0 0 0 0 0 0 0 0 0 0 0 0 0 0 0 0 0 0 0 0 19 131 203 240 214 182 167 167 161 165 162 170 160 163 160 167 165 166 175 168 172 171 165 162 156 153 155 155 149 150 146 153 151 152 154 156 164 160 161 167 164 169 170 168 176 169 172 178 172 180 175 178 181 179 181 185 181 189 182 185 195 190 188 197 189 199 195 192 196 193 194 198 196 199 196 174 162 162 150 146 146 139 140 136 136 132 137 140 133 141 150 145 156 163 177 189 180 182 178 177 185 170 176 167 171 169 166 167 167 163 158 157 156 156 153 147 152 138 147 135 149 131 141 127 135 125 132 135 151 195 130 19 0 0 0 0 0 0 0 0 0 0 0 0 0 0 0 0 0 0 0 0 0 0 0 0 
0 0 0 0 0 0 0 0 0 0 0 0 0 0 0 0 0 0 0 0 0 0 0 0 45 144 214 250 199 178 179 165 163 162 164 158 165 156 160 160 172 159 172 172 172 164 169 153 157 154 155 154 149 158 149 150 150 145 157 152 164 159 162 171 162 172 168 171 173 169 175 173 174 178 175 180 176 182 183 181 188 182 183 193 189 191 194 188 192 188 190 197 189 192 200 194 196 187 180 172 160 152 153 147 145 145 138 135 137 134 135 135 139 140 145 146 159 166 182 185 182 180 178 178 174 174 179 170 170 168 165 162 160 168 157 160 154 156 149 157 141 145 138 145 132 142 133 134 126 138 135 122 140 190 144 44 0 0 0 0 0 0 0 0 0 0 0 0 0 0 0 0 0 0 0 0 0 0 0 0 
0 0 0 0 0 0 0 0 0 0 0 0 0 0 0 0 0 0 0 0 0 0 0 1 79 172 223 246 193 174 165 164 163 163 163 164 158 166 158 167 162 171 163 171 169 163 157 159 145 160 148 158 150 157 150 146 155 149 159 163 165 162 169 168 168 174 168 172 175 174 176 176 177 174 179 176 178 186 178 189 184 181 192 187 185 187 186 194 187 190 191 186 194 188 194 193 189 189 174 165 166 150 151 144 140 141 138 139 136 132 134 140 138 137 142 149 152 171 181 188 180 177 177 180 174 169 177 167 172 166 170 162 161 158 157 155 153 151 150 146 141 143 141 136 143 134 140 122 131 132 123 131 137 171 171 79 1 0 0 0 0 0 0 0 0 0 0 0 0 0 0 0 0 0 0 0 0 0 0 0 
0 0 0 0 0 0 0 0 0 0 0 0 0 0 0 0 0 0 0 0 0 0 0 10 112 189 239 232 180 179 164 160 161 163 162 156 165 162 164 167 170 165 167 169 171 167 157 158 152 151 160 148 152 149 153 147 151 148 157 159 165 158 174 169 170 173 169 177 168 175 172 177 177 178 178 176 178 181 184 178 177 186 182 189 185 185 192 186 188 183 187 192 187 191 184 187 191 179 165 157 152 154 146 145 142 139 139 135 139 133 130 132 141 138 143 151 156 171 184 182 182 179 173 172 177 170 173 167 170 167 165 160 162 156 163 150 156 153 150 145 152 140 143 141 133 140 130 133 125 124 136 124 129 156 186 112 10 0 0 0 0 0 0 0 0 0 0 0 0 0 0 0 0 0 0 0 0 0 0 0 
0 0 0 0 0 0 0 0 0 0 0 0 0 0 0 0 0 0 0 0 0 0 0 34 140 203 245 221 184 166 163 167 163 161 158 162 165 166 168 168 166 165 173 167 172 168 162 154 160 151 151 152 147 155 150 150 156 154 162 159 165 161 165 164 168 167 171 175 176 175 173 174 173 177 173 187 175 175 179 178 183 178 184 183 185 188 187 189 187 189 189 184 189 185 184 181 179 179 155 155 156 146 142 138 148 139 133 138 130 137 135 138 141 145 140 153 148 164 181 179 180 178 177 177 177 172 175 166 167 162 166 163 161 162 162 155 155 151 150 146 147 149 140 146 137 131 136 123 129 121 124 128 132 143 183 139 34 0 0 0 0 0 0 0 0 0 0 0 0 0 0 0 0 0 0 0 0 0 0 0 
0 0 0 0 0 0 0 0 0 0 0 0 0 0 0 0 0 0 0 0 0 0 0 64 162 219 250 206 175 173 164 162 163 164 161 165 164 167 162 162 166 166 168 170 167 158 165 152 157 152 151 150 154 149 154 150 157 155 162 156 166 167 169 166 170 166 177 166 174 174 175 170 175 174 179 184 175 181 175 187 174 182 185 184 188 180 188 183 187 185 183 186 184 188 181 178 179 165 153 147 153 142 141 142 139 142 136 137 138 137 138 140 132 143 140 146 153 163 187 181 177 176 173 174 177 171 172 171 167 163 164 163 161 163 156 160 154 153 142 151 141 141 146 141 144 134 131 135 127 125 133 124 128 134 175 162 64 0 0 0 0 0 0 0 0 0 0 0 0 0 0 0 0 0 0 0 0 0 0 0 
0 0 0 0 0 0 0 0 0 0 0 0 0 0 0 0 0 0 0 0 0 0 7 104 175 224 239 194 177 166 155 160 162 163 165 161 163 163 161 166 164 167 169 169 165 158 157 157 153 151 154 150 151 149 147 159 153 158 162 167 169 165 167 171 170 172 174 177 172 180 173 182 177 170 179 172 185 175 179 174 179 180 182 188 181 187 180 185 182 183 184 181 184 179 178 174 177 154 143 151 140 146 140 144 139 136 133 134 143 137 144 133 139 139 149 147 156 158 179 184 184 179 178 170 180 171 171 165 170 163 163 161 160 159 153 157 149 153 148 143 148 139 142 140 138 141 128 131 126 122 118 120 126 121 151 172 103 7 0 0 0 0 0 0 0 0 0 0 0 0 0 0 0 0 0 0 0 0 0 0 
0 0 0 0 0 0 0 0 0 0 0 0 0 0 0 0 0 0 0 0 0 0 19 136 188 241 234 173 177 174 167 155 157 159 162 165 161 159 163 167 169 166 166 169 164 160 157 154 155 148 151 150 148 154 153 154 159 158 165 165 158 168 162 174 163 172 167 172 172 171 173 176 173 174 173 178 177 176 178 177 182 178 180 186 184 184 182 186 187 181 179 182 185 176 175 176 167 149 145 141 139 145 145 140 140 133 136 136 137 138 133 135 139 136 144 143 159 159 178 176 180 178 178 171 173 171 171 166 167 161 162 164 155 161 154 159 148 145 153 147 147 143 137 142 139 132 133 127 120 132 132 118 120 126 140 172 136 19 0 0 0 0 0 0 0 0 0 0 0 0 0 0 0 0 0 0 0 0 0 0 
0 0 0 0 0 0 0 0 0 0 0 0 0 0 0 0 0 0 0 0 0 0 59 161 220 244 208 178 172 169 155 158 165 161 161 161 158 162 163 167 167 167 165 169 164 158 155 154 155 151 150 147 153 145 154 160 156 164 157 165 160 169 167 168 169 174 173 170 177 172 177 176 174 175 174 180 176 180 178 179 179 177 179 181 186 179 177 179 179 176 172 178 175 173 166 175 155 146 141 137 137 140 141 141 140 137 132 135 133 141 135 143 138 142 140 148 149 167 172 179 175 176 181 172 177 167 170 168 164 162 165 164 156 162 155 152 149 146 151 147 144 146 137 134 140 130 131 132 123 123 127 123 126 125 129 160 161 59 0 0 0 0 0 0 0 0 0 0 0 0 0 0 0 0 0 0 0 0 0 0 
0 0 0 0 0 0 0 0 0 0 0 0 0 0 0 0 0 0 0 0 0 5 104 174 230 249 206 176 170 163 158 166 159 154 164 164 155 161 170 161 167 171 164 167 162 157 158 155 147 153 152 144 151 148 149 162 159 161 165 163 170 167 167 167 165 171 170 167 170 173 175 175 180 173 182 172 177 172 175 185 175 186 180 180 183 179 179 179 181 175 178 175 174 166 174 164 150 140 146 131 140 132 139 142 138 137 135 134 141 134 143 136 138 138 147 138 153 162 174 181 175 178 171 175 174 166 169 163 163 163 159 157 160 164 151 150 154 144 152 150 138 147 143 131 136 136 125 127 132 122 124 120 118 130 126 165 169 103 5 0 0 0 0 0 0 0 0 0 0 0 0 0 0 0 0 0 0 0 0 0 
0 0 0 0 0 0 0 0 0 0 0 0 0 0 0 0 0 0 0 0 0 31 130 186 238 236 184 169 172 158 166 154 157 164 157 158 155 167 167 163 165 165 168 165 156 158 152 153 151 150 153 149 147 154 159 158 163 160 161 165 164 167 168 168 174 169 172 170 173 171 169 171 181 171 179 174 173 175 174 174 177 174 179 179 184 183 177 184 182 173 169 182 170 170 173 161 140 146 127 138 127 127 134 142 138 141 133 140 132 133 134 136 141 142 144 149 148 160 173 173 178 176 173 176 172 176 164 158 168 161 157 162 158 158 153 145 156 148 144 149 140 144 144 131 131 131 137 126 121 130 118 126 119 122 112 136 174 129 30 0 0 0 0 0 0 0 0 0 0 0 0 0 0 0 0 0 0 0 0 0 
0 0 0 0 0 0 0 0 0 0 0 0 0 0 0 0 0 0 0 0 0 59 154 208 249 220 186 173 166 165 157 157 157 166 160 160 162 166 163 162 171 164 168 163 160 152 155 154 152 149 145 151 148 152 161 156 157 159 163 165 166 164 168 168 169 168 169 178 167 178 165 177 170 174 171 172 173 174 174 175 178 171 181 179 179 178 181 176 177 169 174 176 162 167 167 148 146 139 130 132 130 124 135 133 138 132 138 133 138 131 139 134 142 141 143 143 149 150 175 176 177 172 170 174 170 175 168 163 168 153 161 160 158 158 152 154 151 149 144 150 143 141 143 137 134 130 136 128 129 120 127 119 117 126 121 129 165 154 59 0 0 0 0 0 0 0 0 0 0 0 0 0 0 0 0 0 0 0 0 0 
0 0 0 0 0 0 0 0 0 0 0 0 0 0 0 0 0 0 0 0 5 105 170 222 253 204 178 176 168 160 160 162 168 156 162 161 167 158 163 162 166 163 164 166 155 151 155 148 152 150 150 147 153 153 157 158 162 162 166 166 160 171 166 169 169 163 174 162 177 164 173 170 174 171 173 172 175 172 173 174 177 177 174 182 175 173 178 173 173 164 168 166 163 165 154 145 142 130 133 131 122 126 125 135 135 135 131 137 138 136 131 142 131 144 141 151 151 158 172 168 179 172 174 175 166 170 164 169 158 160 162 159 151 158 152 152 155 148 143 146 145 140 135 140 135 134 125 136 126 122 123 117 129 116 117 127 153 168 105 5 0 0 0 0 0 0 0 0 0 0 0 0 0 0 0 0 0 0 0 0 
0 0 0 0 0 0 0 0 0 0 0 0 0 0 0 0 0 0 0 0 25 138 190 229 248 191 174 166 164 165 161 160 154 157 159 163 167 156 163 165 161 164 165 169 154 155 153 152 145 153 149 147 151 154 158 163 159 161 161 169 161 167 169 162 169 168 168 173 169 172 174 172 171 172 171 173 170 171 172 176 172 180 174 182 171 174 175 174 170 173 167 163 162 161 143 144 140 130 137 125 128 121 126 127 135 135 133 136 133 137 130 136 137 136 149 142 151 156 166 175 174 167 174 166 172 167 163 164 162 160 165 152 154 154 154 149 156 150 143 142 145 142 132 140 137 131 130 122 127 127 122 119 120 120 118 123 130 172 138 25 0 0 0 0 0 0 0 0 0 0 0 0 0 0 0 0 0 0 0 0 
0 0 0 0 0 0 0 0 0 0 0 0 0 0 0 0 0 0 0 0 69 158 202 243 230 184 171 166 164 166 160 157 157 161 159 161 157 156 164 164 165 165 163 164 160 152 150 149 151 146 146 148 154 161 157 161 159 166 161 165 163 166 164 172 169 170 169 168 171 168 171 172 172 170 170 172 171 169 173 170 175 172 178 173 174 173 177 172 172 167 166 159 166 153 143 140 130 135 122 130 118 125 123 125 130 134 134 134 138 135 135 139 135 148 145 145 159 148 170 169 168 173 171 165 173 167 167 164 159 158 160 155 149 154 150 152 151 148 146 145 143 146 131 134 136 131 132 126 124 122 124 118 114 114 116 121 122 156 157 68 0 0 0 0 0 0 0 0 0 0 0 0 0 0 0 0 0 0 0 0 
0 0 0 0 0 0 0 0 0 0 0 0 0 0 0 0 0 0 0 15 113 175 217 246 212 183 174 167 162 160 159 159 159 155 159 160 158 157 161 165 166 163 163 163 158 152 150 154 146 151 148 152 158 156 163 160 160 162 163 167 162 171 166 166 168 166 169 168 168 171 169 170 171 169 170 167 173 170 174 169 173 173 175 175 173 174 173 167 169 160 158 159 156 151 139 136 134 131 126 127 120 125 123 123 122 132 132 136 133 131 136 132 143 135 143 148 148 156 170 168 175 169 165 173 168 166 165 164 161 161 159 149 157 157 148 151 151 149 144 147 145 141 133 134 135 133 127 128 123 120 120 120 119 119 120 120 123 139 166 113 15 0 0 0 0 0 0 0 0 0 0 0 0 0 0 0 0 0 0 0 
0 0 0 0 0 0 0 0 0 0 0 0 0 0 0 0 0 0 0 34 140 188 225 249 195 177 168 161 155 157 157 156 153 158 161 158 159 160 164 165 161 162 164 162 155 152 154 152 150 144 152 154 155 158 160 158 166 160 165 166 162 168 168 167 166 167 174 167 168 168 170 170 169 171 169 169 168 171 170 172 170 172 173 173 174 173 169 166 161 157 156 154 150 143 138 135 133 125 128 119 122 119 117 123 123 124 135 132 135 128 130 136 134 143 144 142 152 156 162 175 171 168 171 171 160 165 169 162 164 165 151 154 159 153 150 148 150 149 144 143 144 141 136 137 129 134 129 123 125 125 122 117 118 121 119 119 112 124 170 139 34 0 0 0 0 0 0 0 0 0 0 0 0 0 0 0 0 0 0 0 
0 0 0 0 0 0 0 0 0 0 0 0 0 0 0 0 0 0 0 81 150 200 240 241 185 177 170 166 159 159 155 155 153 155 154 157 155 162 164 164 158 165 162 161 154 153 150 151 150 148 150 154 166 154 163 164 158 163 165 163 164 168 161 168 171 165 170 163 165 173 165 171 167 164 175 166 174 166 172 169 171 171 170 173 174 174 167 168 157 158 150 152 148 134 138 135 124 131 119 123 117 118 119 123 120 130 128 139 135 132 138 130 138 142 137 145 149 150 167 172 165 167 171 163 165 168 163 169 160 159 155 155 157 153 151 148 150 148 147 139 142 141 142 128 133 128 132 127 127 124 125 119 119 120 114 114 117 121 155 150 81 0 0 0 0 0 0 0 0 0 0 0 0 0 0 0 0 0 0 0 
0 0 0 0 0 0 0 0 0 0 0 0 0 0 0 0 0 0 14 115 172 212 251 219 178 170 163 158 153 157 154 157 154 162 154 162 160 161 162 159 161 160 160 159 154 151 150 149 151 148 152 153 160 162 161 159 164 165 160 165 164 165 164 166 167 165 165 170 166 166 169 170 169 169 163 172 162 175 160 169 171 174 168 171 167 166 168 165 155 161 150 143 138 136 131 125 121 122 124 115 119 116 121 121 126 122 131 135 137 140 129 139 143 134 145 143 143 156 163 168 172 171 167 164 165 166 165 160 159 154 157 159 156 149 148 149 150 143 141 142 139 141 141 132 134 128 131 126 124 120 121 116 116 117 115 116 115 118 141 168 115 14 0 0 0 0 0 0 0 0 0 0 0 0 0 0 0 0 0 0 
0 0 0 0 0 0 0 0 0 0 0 0 0 0 0 0 0 0 51 133 186 223 250 199 182 169 161 163 155 156 156 153 158 154 154 160 155 157 159 160 163 159 160 157 153 152 151 148 150 155 157 153 159 159 158 160 160 161 160 161 168 165 164 165 166 167 162 172 168 167 162 171 166 170 163 170 169 167 164 162 168 168 171 167 169 163 168 159 158 151 145 138 131 135 127 129 122 123 119 119 113 121 118 121 123 124 125 133 135 129 137 135 140 136 140 142 146 153 156 170 165 164 161 163 163 160 162 163 155 162 161 159 154 150 149 148 148 144 141 142 139 138 134 137 134 127 130 126 123 122 117 118 122 113 114 119 115 112 122 167 133 51 0 0 0 0 0 0 0 0 0 0 0 0 0 0 0 0 0 0 
0 0 0 0 0 0 0 0 0 0 0 0 0 0 0 0 0 0 79 151 203 239 245 188 173 169 162 159 159 155 157 159 158 155 160 159 162 158 160 162 163 166 164 152 152 152 147 144 151 157 157 159 155 159 161 165 161 162 164 163 161 160 164 167 162 166 166 163 165 167 165 166 168 169 169 170 166 170 163 166 165 166 172 171 168 164 161 160 154 148 142 132 129 128 127 126 124 121 121 118 121 116 124 116 121 122 125 128 133 137 132 134 143 140 139 145 146 147 155 170 166 166 167 165 167 164 163 157 162 163 160 155 150 149 149 147 145 147 145 143 142 138 136 138 133 135 126 127 127 123 122 117 116 117 115 113 111 116 115 147 151 78 0 0 0 0 0 0 0 0 0 0 0 0 0 0 0 0 0 0 
0 0 0 0 0 0 0 0 0 0 0 0 0 0 0 0 0 24 113 171 213 245 213 178 170 160 158 155 158 159 159 158 158 157 154 155 160 161 157 162 164 161 155 150 153 149 149 149 148 151 161 158 162 156 160 158 166 162 158 166 165 163 158 169 164 163 169 167 166 169 167 166 164 163 165 164 169 163 167 166 169 165 169 167 165 167 161 164 150 145 134 128 133 127 125 125 123 123 118 124 111 120 114 117 121 122 117 124 135 138 136 135 136 139 140 141 146 145 154 166 165 168 167 170 159 161 154 163 162 162 151 151 154 152 147 144 140 140 142 144 143 137 139 138 129 127 130 126 124 125 122 120 116 117 110 111 108 110 114 134 161 113 24 0 0 0 0 0 0 0 0 0 0 0 0 0 0 0 0 0 
0 0 0 0 0 0 0 0 0 0 0 0 0 0 0 0 0 59 134 190 227 251 195 178 166 163 155 154 160 154 153 155 156 156 152 154 156 155 155 160 162 159 159 153 148 147 149 148 156 155 153 157 158 161 157 160 164 163 162 159 165 167 165 164 164 166 161 164 171 164 163 170 163 162 173 165 162 165 164 170 166 162 166 166 166 161 160 152 150 134 131 128 123 128 124 123 120 122 112 121 122 110 116 115 120 125 120 122 131 130 132 139 139 141 144 142 141 146 152 165 164 163 166 164 160 154 159 159 159 154 153 156 153 152 149 147 145 143 141 142 139 134 127 128 129 126 125 125 125 122 121 125 120 111 109 106 110 111 111 122 167 134 59 0 0 0 0 0 0 0 0 0 0 0 0 0 0 0 0 0 
0 0 0 0 0 0 0 0 0 0 0 0 0 0 0 0 0 85 160 198 235 250 189 173 166 160 154 154 157 154 153 155 155 152 155 157 154 153 157 157 157 160 158 154 152 149 143 151 156 158 158 155 158 161 163 161 160 165 163 167 156 156 163 159 159 166 168 166 164 162 166 163 167 167 164 165 160 161 162 166 168 163 166 165 160 160 159 154 140 135 129 127 127 121 121 122 119 115 117 120 117 109 113 120 119 112 121 123 125 138 139 135 135 139 139 137 145 149 147 155 165 166 167 161 162 160 159 154 155 156 157 154 154 152 149 147 145 143 143 139 137 135 130 126 127 125 123 123 123 118 119 122 114 116 111 110 110 109 111 118 150 160 85 0 0 0 0 0 0 0 0 0 0 0 0 0 0 0 0 0 
0 0 0 0 0 0 0 0 0 0 0 0 0 0 0 0 28 117 169 209 243 223 180 173 164 161 156 155 153 152 154 156 157 159 157 156 157 159 155 154 157 158 158 153 152 148 150 150 153 159 159 160 161 157 162 161 157 156 155 160 163 164 161 163 166 162 160 161 166 166 166 164 165 158 165 164 163 162 158 161 160 168 165 160 160 155 157 154 133 130 131 123 125 119 121 119 116 113 119 118 114 112 114 117 115 118 117 122 124 133 137 137 138 134 137 141 144 142 152 160 162 159 158 157 158 160 155 160 156 158 157 156 152 150 151 147 142 141 138 138 137 137 136 134 130 128 126 125 127 126 118 118 117 116 118 113 112 104 110 111 127 157 117 28 0 0 0 0 0 0 0 0 0 0 0 0 0 0 0 0 
0 0 0 0 0 0 0 0 0 0 0 0 0 0 0 0 61 144 186 222 250 199 176 166 162 158 155 157 156 153 154 151 152 154 156 158 158 154 156 163 159 160 159 155 149 145 150 154 155 154 160 160 160 162 155 156 168 160 165 159 159 163 161 162 156 160 170 169 162 164 167 164 162 168 159 159 157 161 161 158 161 162 162 165 156 155 154 149 131 127 127 121 121 117 120 114 118 114 118 120 111 109 113 112 116 113 119 118 122 129 138 135 140 141 140 141 140 143 151 156 161 163 158 166 155 153 160 156 158 153 153 153 152 151 146 146 140 143 144 135 134 133 131 138 134 127 125 125 123 125 123 121 116 116 110 110 107 105 113 112 115 160 144 60 0 0 0 0 0 0 0 0 0 0 0 0 0 0 0 0 
0 0 0 0 0 0 0 0 0 0 0 0 0 0 0 3 87 158 199 227 255 183 176 165 161 158 157 152 156 158 150 156 156 159 158 154 155 157 162 157 161 160 160 152 153 146 149 154 155 160 156 160 160 161 160 162 157 162 161 164 165 156 160 162 164 164 164 162 164 164 162 158 162 163 162 162 164 158 157 161 162 159 162 160 159 154 155 138 130 128 122 124 122 116 115 119 113 117 116 112 112 110 115 114 114 121 116 117 120 123 128 136 138 136 139 141 144 144 145 161 161 158 159 158 162 159 158 157 153 152 155 153 152 148 146 145 145 141 136 141 135 136 133 133 131 128 126 124 124 122 124 122 116 115 113 111 112 111 108 113 110 145 157 87 3 0 0 0 0 0 0 0 0 0 0 0 0 0 0 0 
0 0 0 0 0 0 0 0 0 0 0 0 0 0 0 30 113 164 208 242 225 180 165 160 162 153 154 157 155 147 150 151 150 152 151 153 152 159 153 155 157 157 155 157 154 154 151 152 155 156 161 157 163 153 160 161 161 165 157 157 155 163 168 163 156 163 165 164 162 158 159 164 161 162 158 160 159 162 158 158 164 163 160 156 157 160 144 132 130 121 117 119 121 110 119 116 119 114 118 119 110 111 115 111 114 120 116 115 126 122 125 133 138 140 140 133 145 149 149 154 156 157 162 158 160 158 150 159 153 156 151 152 149 145 147 146 145 143 141 135 137 135 134 131 131 127 126 122 123 124 120 121 121 111 109 112 108 107 108 112 111 125 155 113 30 0 0 0 0 0 0 0 0 0 0 0 0 0 0 0 
0 0 0 0 0 0 0 0 0 0 0 0 0 0 0 60 132 186 217 245 206 175 167 160 159 155 153 156 152 153 154 153 152 156 153 156 155 153 154 157 155 158 158 152 152 154 150 158 151 158 157 160 153 159 159 158 163 156 159 163 162 163 164 158 161 163 163 155 164 160 161 158 155 159 163 162 160 158 160 156 160 165 161 154 156 153 143 127 123 118 118 116 116 122 114 121 114 112 118 117 109 113 115 113 117 116 114 118 116 123 126 134 132 142 137 142 144 146 149 156 160 158 154 164 153 156 158 149 158 152 153 145 153 144 147 147 147 143 141 139 135 135 130 129 128 127 126 124 121 120 122 117 118 111 113 116 109 111 104 105 109 116 160 132 60 0 0 0 0 0 0 0 0 0 0 0 0 0 0 0 
0 0 0 0 0 0 0 0 0 0 0 0 0 0 6 101 157 193 229 245 193 174 166 159 155 154 150 148 153 152 149 151 150 149 150 157 153 152 156 155 151 155 156 152 153 155 156 151 157 159 161 157 157 160 161 163 165 158 162 157 162 158 158 164 162 162 160 164 162 161 161 163 161 160 151 163 163 156 154 162 159 157 161 159 151 146 131 124 117 119 121 114 112 117 115 109 119 118 116 114 115 111 112 114 118 108 113 121 117 117 130 126 139 133 138 142 143 143 147 152 160 158 155 160 157 156 155 150 152 153 151 149 145 150 149 147 145 144 137 134 136 137 132 133 131 126 125 125 123 115 125 120 112 113 120 108 112 112 108 104 113 116 139 155 100 5 0 0 0 0 0 0 0 0 0 0 0 0 0 0 
0 0 0 0 0 0 0 0 0 0 0 0 0 0 28 123 165 201 236 236 184 170 166 157 152 147 148 148 147 149 150 150 151 149 162 156 148 155 152 160 154 161 158 156 152 157 154 153 153 157 158 158 157 159 163 161 161 159 161 161 161 158 159 163 158 156 160 162 155 161 167 160 154 159 156 159 155 157 155 155 160 160 151 162 151 139 128 122 115 116 117 110 111 119 111 117 122 109 113 121 107 111 112 106 115 116 116 112 116 123 127 122 134 138 139 138 141 145 146 152 160 160 157 152 160 153 154 154 153 156 151 148 145 148 150 143 146 138 147 136 143 131 133 126 129 133 125 125 123 122 118 119 117 113 115 109 106 107 107 105 113 109 118 157 123 28 0 0 0 0 0 0 0 0 0 0 0 0 0 0 
0 0 0 0 0 0 0 0 0 0 0 0 0 0 51 136 173 213 245 226 184 170 160 162 161 154 148 145 150 150 152 153 148 156 149 154 155 155 155 155 159 156 162 147 159 154 163 158 154 158 157 161 155 160 160 162 157 161 163 161 156 162 163 159 153 162 163 155 158 164 155 154 158 155 155 158 157 154 156 154 158 159 161 154 147 136 123 122 118 116 115 113 114 110 118 115 112 120 115 113 113 108 109 112 115 113 111 117 118 114 125 125 126 136 143 136 136 145 149 152 155 161 158 149 157 155 153 149 159 148 154 142 150 152 147 144 138 146 138 140 130 131 136 131 134 126 126 119 122 122 120 120 113 115 114 112 110 107 107 106 111 114 117 154 136 51 0 0 0 0 0 0 0 0 0 0 0 0 0 0 
0 0 0 0 0 0 0 0 0 0 0 0 0 7 91 155 194 222 244 195 176 163 154 157 149 156 151 151 158 152 151 149 155 148 153 152 152 156 155 155 153 161 155 159 153 157 157 158 154 152 160 159 155 159 164 161 157 160 162 157 161 161 161 157 161 162 160 151 161 155 156 163 156 156 156 157 155 159 151 150 160 151 151 155 132 133 125 111 120 115 109 120 108 112 119 109 113 114 112 113 112 104 116 112 112 112 114 115 118 121 118 125 124 130 143 139 140 138 149 157 152 159 155 154 151 156 154 143 158 151 147 145 149 147 144 144 144 140 142 132 134 133 133 127 124 133 125 128 121 116 116 122 115 115 116 110 112 108 104 104 102 105 106 138 155 91 7 0 0 0 0 0 0 0 0 0 0 0 0 0 
0 0 0 0 0 0 0 0 0 0 0 0 0 27 114 164 200 229 242 186 168 159 161 157 151 154 146 151 149 147 147 152 154 148 153 153 155 148 153 153 158 151 156 156 157 156 154 159 157 153 158 158 155 157 160 163 156 166 156 156 159 163 157 160 159 159 154 160 158 155 165 154 153 160 152 160 154 151 153 155 155 154 155 143 138 127 120 121 115 114 114 109 117 110 114 117 110 118 113 114 110 108 110 111 113 109 116 116 110 124 121 121 128 125 139 137 143 137 150 152 153 152 159 156 153 154 150 149 151 154 144 151 150 142 145 147 142 139 137 144 134 130 125 132 132 123 124 122 128 121 121 112 116 108 114 109 109 110 103 106 105 104 106 119 158 114 27 0 0 0 0 0 0 0 0 0 0 0 0 0 
0 0 0 0 0 0 0 0 0 0 0 0 0 58 133 174 206 236 220 178 166 164 155 161 151 149 144 151 148 149 152 151 149 155 152 150 151 158 150 154 157 157 160 158 158 160 156 158 155 156 155 160 157 155 156 162 156 163 161 156 160 162 156 163 163 155 159 152 156 160 154 154 160 153 153 160 149 156 154 155 155 149 153 135 131 124 112 118 116 112 115 112 110 108 115 115 111 115 109 111 116 108 114 108 116 116 110 117 116 115 122 124 122 129 133 138 146 137 149 151 155 155 157 151 158 151 146 148 147 147 146 146 145 147 142 148 135 143 144 137 137 130 137 126 125 127 126 125 116 123 119 118 114 107 109 112 115 110 108 99 98 107 104 112 150 133 57 0 0 0 0 0 0 0 0 0 0 0 0 0 
0 0 0 0 0 0 0 0 0 0 0 0 3 84 146 188 217 244 206 181 165 160 158 158 149 152 148 147 146 147 148 153 152 143 152 151 157 152 155 157 152 152 161 162 158 160 154 155 158 158 157 160 161 155 160 162 161 161 156 160 162 156 158 158 158 159 155 148 161 152 154 161 155 155 150 154 153 154 151 156 150 156 140 131 132 117 123 109 115 110 107 115 104 117 112 109 115 108 113 108 117 109 106 111 108 105 113 112 115 121 114 128 117 122 132 135 144 143 142 150 157 151 156 150 160 151 147 150 149 144 152 149 142 144 146 138 148 139 137 132 139 133 126 135 129 124 119 125 129 117 115 119 116 113 106 108 114 110 112 103 104 108 108 114 142 145 83 3 0 0 0 0 0 0 0 0 0 0 0 0 
0 0 0 0 0 0 0 0 0 0 0 0 23 113 162 201 226 248 194 175 168 155 162 150 152 154 147 148 144 144 153 148 145 153 149 155 155 154 149 156 153 152 156 161 155 154 158 154 158 157 154 159 160 150 158 161 156 158 155 154 162 154 159 159 158 154 155 154 156 150 162 150 158 151 155 157 154 153 149 152 155 146 135 132 120 120 112 114 112 111 111 105 111 109 110 114 112 113 113 113 109 109 109 113 109 112 110 117 112 124 113 119 120 121 130 137 141 141 141 149 151 150 154 147 155 151 144 145 149 144 145 149 147 144 141 141 142 142 134 140 129 133 131 126 131 125 126 117 119 125 112 113 118 115 111 106 105 114 111 103 101 98 109 108 133 157 112 23 0 0 0 0 0 0 0 0 0 0 0 0 
0 0 0 0 0 0 0 0 0 0 0 0 53 130 175 201 233 244 185 175 157 150 153 157 154 150 150 149 148 149 146 147 151 148 150 151 152 145 153 154 148 157 159 159 165 159 155 161 157 157 162 160 160 150 159 158 156 158 159 153 159 153 163 152 155 158 152 158 156 149 155 153 157 151 155 149 151 146 152 156 147 142 138 135 121 118 113 113 113 110 111 111 107 108 111 106 113 112 113 112 112 109 106 112 107 116 108 116 110 113 116 119 122 122 132 133 136 143 141 151 151 153 154 150 152 152 144 150 145 152 146 146 146 142 139 150 138 140 142 130 141 130 128 130 126 125 124 128 115 121 123 108 115 116 112 110 112 107 107 101 103 104 101 106 111 162 130 53 0 0 0 0 0 0 0 0 0 0 0 0 
0 0 0 0 0 0 0 0 0 0 0 1 89 125 174 210 239 230 183 167 157 152 152 152 150 146 148 148 149 150 145 150 145 150 150 151 149 154 150 151 157 155 166 164 161 161 152 161 149 156 164 153 162 161 160 160 155 157 156 152 159 154 162 152 160 152 156 151 156 156 153 155 152 148 154 147 152 145 156 147 149 135 137 124 125 113 113 111 112 110 110 111 106 112 106 116 108 114 106 114 107 112 104 105 106 108 114 108 114 112 119 116 118 121 124 132 135 145 140 150 151 153 152 150 151 151 151 152 141 152 142 140 146 142 146 138 144 138 137 140 132 135 131 124 128 128 123 118 126 115 122 119 106 115 112 108 110 107 104 102 101 107 105 105 110 145 125 88 1 0 0 0 0 0 0 0 0 0 0 0 
0 0 0 0 0 0 0 0 0 0 0 8 98 146 193 221 240 201 175 166 158 154 153 148 146 154 145 149 149 145 154 146 148 147 150 145 149 147 153 148 153 161 158 169 160 156 163 156 161 158 158 157 155 166 154 162 156 160 157 153 163 152 162 152 159 153 158 150 154 152 157 147 151 154 153 151 147 152 146 148 140 136 129 121 116 117 109 109 107 104 107 106 110 103 110 107 112 107 110 110 115 105 111 104 111 108 112 108 109 113 114 113 118 123 122 133 136 146 141 156 150 154 151 149 151 145 150 146 143 143 145 148 142 146 143 140 142 141 138 136 133 134 132 129 123 124 126 121 118 126 111 121 113 109 115 105 102 112 108 100 107 105 104 108 108 141 141 98 8 0 0 0 0 0 0 0 0 0 0 0 
0 0 0 0 0 0 0 0 0 0 0 37 115 164 199 229 239 195 175 175 154 159 156 144 150 147 150 148 142 151 147 147 149 150 150 149 145 154 148 156 151 155 165 163 167 157 157 151 159 160 148 161 154 164 153 159 154 155 153 152 161 150 162 152 159 153 161 150 154 151 157 152 148 152 149 150 146 147 142 141 137 135 126 124 114 114 110 111 105 106 106 109 104 102 107 111 109 106 109 108 109 106 109 105 112 110 110 110 111 116 115 121 117 125 122 132 130 149 141 152 150 148 147 147 149 144 155 143 151 139 145 140 139 138 138 149 137 144 135 137 135 129 130 127 127 127 124 123 121 120 118 111 113 110 114 112 103 115 105 96 107 104 99 102 108 126 153 115 37 0 0 0 0 0 0 0 0 0 0 0 
0 0 0 0 0 0 0 0 0 0 0 58 125 167 201 233 233 182 168 167 154 156 148 152 151 144 147 143 148 146 146 149 148 148 147 146 152 143 158 141 151 166 156 168 161 165 156 161 161 160 156 161 154 156 157 158 157 159 155 154 161 152 161 151 163 150 160 149 156 154 156 153 157 151 150 146 148 145 142 138 136 129 134 119 119 112 111 108 111 106 108 107 105 104 105 110 107 116 109 112 108 108 106 110 105 112 107 114 113 117 117 120 117 121 121 134 129 142 140 154 151 152 147 150 149 148 145 142 148 141 147 142 145 143 142 137 144 133 145 135 127 134 127 132 127 125 127 123 115 118 115 119 114 112 110 116 107 107 104 98 107 103 99 106 108 109 146 125 58 0 0 0 0 0 0 0 0 0 0 0 
0 0 0 0 0 0 0 0 0 0 5 87 140 179 208 239 218 172 165 158 163 150 144 153 147 145 147 145 145 149 145 149 141 145 147 153 143 155 148 146 160 154 160 168 169 158 161 162 162 156 164 154 164 154 156 158 159 157 158 149 160 152 160 154 154 154 154 154 148 156 148 154 150 149 149 144 149 142 142 135 134 130 123 125 115 116 107 112 109 107 105 105 109 102 112 106 116 107 110 108 112 108 110 108 108 108 111 109 109 110 114 113 120 122 120 130 127 141 140 154 148 152 149 150 151 148 145 151 140 149 139 146 139 144 139 144 141 137 134 138 132 133 130 126 127 122 122 117 126 116 120 108 115 108 110 110 106 103 103 106 106 98 93 106 108 103 138 140 87 5 0 0 0 0 0 0 0 0 0 0 
0 0 0 0 0 0 0 0 0 0 14 97 148 188 216 241 208 179 166 164 150 153 150 151 150 144 154 144 151 143 146 143 147 146 152 142 149 151 146 153 151 153 164 163 163 164 158 161 152 155 159 154 156 156 154 157 157 158 160 151 160 150 161 153 159 153 151 153 149 149 151 153 152 152 150 149 143 137 134 136 129 131 124 116 116 111 112 106 110 104 106 107 104 107 105 111 107 110 105 107 113 107 106 105 110 105 112 110 116 111 113 112 118 118 123 129 127 137 138 153 148 151 146 151 149 144 148 141 142 145 140 137 140 138 144 137 140 138 135 131 133 131 133 127 126 122 121 116 113 117 112 120 110 125 107 115 107 108 104 99 111 98 102 102 101 107 127 146 97 14 0 0 0 0 0 0 0 0 0 0 
0 0 0 0 0 0 0 0 0 0 37 115 162 188 224 241 194 175 160 158 152 152 141 152 144 142 145 143 147 140 148 139 150 144 143 147 149 144 154 150 151 161 158 161 168 164 159 164 157 164 156 160 157 157 154 158 153 158 152 151 159 152 157 154 158 154 148 153 148 155 153 154 148 149 147 149 140 138 136 130 137 125 123 114 112 113 108 112 105 104 105 103 109 104 109 106 107 108 107 116 108 110 105 107 111 107 109 109 115 115 114 113 116 116 123 131 125 136 136 153 147 146 151 145 151 144 146 140 146 143 143 139 143 138 137 137 134 134 135 136 136 135 130 132 124 128 116 126 118 116 115 115 112 112 109 111 105 100 107 99 106 98 104 99 109 107 117 154 115 37 0 0 0 0 0 0 0 0 0 0 
0 0 0 0 0 0 0 0 0 2 55 122 171 202 227 238 187 168 163 156 149 151 149 149 148 144 147 143 141 150 138 152 143 146 146 149 140 151 149 152 155 164 163 161 168 163 167 159 163 159 157 158 158 153 151 164 154 157 153 150 156 149 156 156 156 153 150 148 153 154 150 151 147 152 145 146 143 129 134 129 126 131 116 118 112 108 108 105 112 104 103 106 102 108 104 106 107 106 116 107 106 106 103 109 107 107 113 110 113 108 115 117 113 117 118 127 129 132 135 149 146 147 147 145 154 142 141 146 144 142 138 142 135 140 134 142 137 139 142 135 138 133 135 126 131 122 120 118 119 116 115 114 110 113 108 111 107 103 98 105 99 98 101 97 106 101 112 154 122 55 2 0 0 0 0 0 0 0 0 0 
0 0 0 0 0 0 0 0 0 5 74 140 173 209 230 231 178 170 149 160 147 151 143 146 144 150 137 149 145 146 145 147 143 142 143 143 152 148 153 148 164 162 160 164 162 174 168 163 156 159 158 153 163 152 154 158 156 153 153 155 155 154 152 155 157 150 153 148 148 154 148 153 146 147 156 139 133 133 128 135 124 121 120 112 112 108 104 109 106 104 105 102 113 102 103 107 106 113 108 107 114 104 106 105 106 116 110 106 109 111 113 113 113 121 120 131 128 128 133 144 151 149 147 148 148 142 142 151 140 139 138 137 142 138 143 136 138 135 137 143 131 136 133 126 125 124 120 121 122 117 121 113 114 106 113 109 101 108 99 100 102 93 99 96 106 101 112 140 140 74 5 0 0 0 0 0 0 0 0 0 
0 0 0 0 0 0 0 0 0 16 91 143 181 208 239 213 176 170 159 159 149 158 145 154 141 142 141 147 140 146 140 144 150 143 155 143 145 148 144 158 160 161 158 164 171 165 167 158 155 163 159 158 157 154 161 160 150 152 154 157 155 150 153 153 154 152 148 148 150 156 149 147 155 146 144 138 131 133 130 124 128 117 115 115 109 113 107 105 103 103 103 107 102 106 107 104 112 107 105 110 106 109 108 103 107 108 105 116 107 110 120 109 114 116 121 125 126 127 132 141 152 150 145 143 147 146 141 146 142 143 143 138 137 142 135 135 141 135 139 139 139 130 133 128 125 134 122 120 119 115 117 113 119 107 109 107 112 103 108 102 104 102 100 101 96 106 101 126 142 91 16 0 0 0 0 0 0 0 0 0 
0 0 0 0 0 0 0 0 0 36 110 150 194 213 235 198 178 158 160 146 159 147 145 146 139 154 140 145 139 142 151 141 146 146 143 150 150 144 150 155 161 157 164 159 162 169 163 158 164 160 155 152 155 160 155 158 155 148 159 154 151 163 154 151 154 149 148 153 146 153 153 147 151 151 139 136 136 129 128 127 120 119 113 114 110 106 109 103 102 104 108 101 102 105 105 106 112 106 106 107 108 107 108 109 106 105 110 111 108 114 116 111 118 115 118 122 122 128 139 140 146 152 144 147 148 146 147 145 139 139 143 141 134 137 139 134 136 135 134 138 133 133 127 130 127 123 126 123 116 121 115 114 115 112 116 109 102 106 98 112 97 106 95 106 98 106 102 134 146 110 35 0 0 0 0 0 0 0 0 0 
0 0 0 0 0 0 0 0 0 46 117 162 192 225 237 194 175 158 155 148 153 151 147 148 144 145 144 137 147 142 144 143 147 147 146 149 143 146 148 159 155 162 168 162 164 168 163 163 159 163 155 155 164 156 154 164 151 150 156 152 151 154 150 152 150 149 148 148 151 152 148 151 152 143 141 138 132 132 131 126 127 121 112 112 109 108 107 107 104 108 102 103 106 103 104 111 106 107 109 113 109 112 111 108 110 109 106 111 112 109 115 115 113 115 119 120 124 126 133 137 144 145 142 144 149 143 140 150 138 137 145 141 136 134 135 132 133 139 139 134 140 134 132 125 125 126 125 122 116 123 116 115 111 110 119 106 108 106 107 109 100 98 101 95 103 101 110 112 145 117 46 0 0 0 0 0 0 0 0 0 
0 0 0 0 0 0 0 0 0 65 126 172 194 222 238 192 169 164 161 153 155 144 145 152 140 151 136 146 145 139 143 152 143 142 150 145 145 144 153 154 155 161 163 162 163 173 168 165 162 157 156 162 162 154 160 154 154 155 154 150 159 151 156 156 150 151 155 148 148 153 146 147 155 140 134 137 129 126 127 123 122 118 111 109 109 105 106 103 113 103 101 111 103 104 105 104 106 107 105 107 106 109 108 103 107 107 106 116 108 109 114 112 112 121 117 121 130 128 131 143 140 144 149 145 144 150 141 144 144 137 138 141 140 135 139 132 132 138 136 135 134 134 129 130 127 123 124 118 119 115 117 117 113 109 116 108 108 105 104 108 102 96 107 98 102 98 102 109 152 126 65 0 0 0 0 0 0 0 0 0 
0 0 0 0 0 0 0 0 6 73 134 169 203 223 234 182 165 161 158 149 149 152 140 148 142 136 147 141 142 143 144 144 141 140 146 147 142 144 148 159 157 163 160 160 166 170 166 163 158 153 161 156 161 161 154 154 156 153 151 158 152 152 150 155 150 151 150 146 147 152 147 146 140 141 134 129 126 125 125 127 125 117 114 109 107 105 106 110 103 107 104 102 108 104 104 105 104 108 107 114 114 108 104 105 104 105 107 107 107 109 114 109 112 114 120 120 126 127 131 136 141 144 144 147 144 144 148 140 138 137 135 136 136 138 138 134 130 131 133 135 135 133 128 128 128 126 119 116 121 120 115 115 114 112 104 112 105 104 106 104 100 105 104 100 91 110 99 111 133 134 73 6 0 0 0 0 0 0 0 0 
0 0 0 0 0 0 0 0 10 93 138 179 202 230 221 173 167 159 151 152 150 149 145 137 145 146 145 139 141 149 144 138 148 149 145 147 144 148 154 156 156 160 159 163 165 176 166 165 162 157 157 156 158 153 155 160 158 152 155 152 156 149 155 149 150 149 148 149 147 149 146 149 138 136 131 129 126 125 125 122 120 116 115 108 109 105 103 102 105 108 108 103 104 101 103 108 107 109 109 111 108 107 104 103 104 107 107 105 111 110 112 110 114 116 116 121 123 131 127 141 137 143 143 143 146 143 142 145 138 135 136 136 137 137 148 136 131 129 135 134 139 133 132 128 130 125 125 123 113 120 118 112 108 114 113 107 104 105 107 100 100 98 96 103 94 95 106 101 135 137 93 10 0 0 0 0 0 0 0 0 
0 0 0 0 0 0 0 0 29 98 152 182 205 239 215 178 171 158 151 152 148 143 146 147 141 139 145 142 150 148 138 146 152 146 141 140 153 150 153 152 155 156 161 168 165 164 165 165 166 164 158 159 158 161 159 155 154 158 152 153 153 157 151 150 152 150 151 150 147 148 145 142 136 133 131 129 130 124 125 119 120 114 110 109 114 106 103 103 107 105 102 110 103 101 102 107 106 106 106 111 107 107 104 110 103 104 105 107 107 107 112 110 111 116 120 119 122 124 136 136 137 140 148 141 143 146 148 143 142 137 138 136 134 136 136 137 140 127 127 131 132 139 134 136 121 121 127 125 117 112 124 120 112 110 109 111 104 107 105 101 113 94 103 99 100 94 106 99 126 150 98 29 0 0 0 0 0 0 0 0 
0 0 0 0 0 0 0 0 33 114 152 180 216 237 207 173 171 156 152 157 143 141 151 143 137 140 151 144 136 137 146 149 139 145 145 147 152 153 151 152 164 163 160 163 162 163 164 168 165 165 160 156 156 159 157 152 156 153 153 151 156 151 154 147 154 151 153 150 155 147 149 137 139 133 127 127 129 125 121 120 123 113 110 108 109 105 104 101 103 103 104 101 101 101 102 104 106 109 107 109 106 106 106 109 106 105 105 112 107 106 108 117 114 120 116 125 119 128 129 142 134 140 142 144 140 143 141 140 140 137 140 135 134 132 135 132 136 133 128 128 129 134 141 136 126 121 124 119 124 116 111 112 118 115 108 102 109 113 99 102 101 101 97 97 99 95 96 109 113 142 114 33 0 0 0 0 0 0 0 0 
0 0 0 0 0 0 0 0 52 119 150 191 222 230 200 175 153 162 149 149 150 146 148 141 147 149 142 136 147 146 150 138 144 144 153 150 144 148 158 157 163 156 164 160 164 163 165 166 166 164 158 159 162 158 159 157 153 155 152 156 151 152 149 154 153 151 148 150 146 147 142 135 138 129 130 125 129 121 123 121 118 116 109 110 107 103 102 105 102 102 101 101 103 102 99 104 107 106 110 105 107 107 104 108 104 106 105 108 107 109 108 109 114 115 117 119 127 123 133 133 138 138 142 142 143 145 141 142 142 138 138 136 133 133 132 132 131 138 130 134 132 137 133 133 131 130 118 119 117 122 120 113 107 115 112 109 105 108 106 102 102 105 97 96 96 100 92 106 120 140 119 52 0 0 0 0 0 0 0 0 
0 0 0 0 0 0 0 1 57 119 163 194 219 235 193 167 160 153 165 147 148 137 149 149 140 134 150 146 142 141 138 144 143 145 145 145 142 149 154 154 157 160 157 162 166 164 166 165 167 165 161 159 160 160 158 155 154 152 153 151 150 148 156 154 150 148 149 147 149 145 138 134 133 131 127 122 126 124 123 120 115 111 110 110 110 102 104 105 105 98 98 101 104 101 100 110 107 106 105 104 107 107 104 108 103 105 107 106 106 106 108 112 111 115 114 118 122 129 128 135 135 135 140 143 141 141 140 140 142 139 140 137 134 131 131 131 131 130 132 134 131 132 128 128 127 129 127 119 115 113 113 116 116 114 103 109 113 108 99 103 105 101 97 100 96 95 102 101 115 149 119 57 1 0 0 0 0 0 0 0 
0 0 0 0 0 0 0 2 62 136 162 197 214 239 191 162 165 159 153 142 146 152 142 136 142 144 149 136 141 143 143 151 144 141 145 145 150 148 151 154 158 160 161 161 163 169 165 165 165 166 166 163 163 158 155 157 157 154 150 151 149 156 150 150 150 149 152 149 146 139 137 135 132 128 124 123 129 129 121 117 118 116 110 108 105 104 103 103 102 100 99 100 101 100 102 103 104 107 110 106 106 105 110 109 103 105 103 105 108 107 111 111 113 117 114 118 121 122 131 133 135 134 138 143 141 140 141 143 140 140 137 137 137 133 136 130 129 129 130 131 132 132 132 127 125 129 123 125 125 114 110 109 112 119 112 104 103 105 111 101 97 101 101 95 97 95 103 91 113 138 136 62 2 0 0 0 0 0 0 0 
0 0 0 0 0 0 0 8 79 130 165 203 230 222 187 172 159 152 152 155 142 141 144 143 146 135 143 148 141 140 142 138 145 148 145 144 146 158 153 156 158 160 159 162 163 162 163 164 168 171 167 163 159 157 159 155 154 155 154 151 152 152 151 157 151 151 149 149 143 141 144 134 129 127 124 123 122 121 119 119 117 110 109 107 106 104 102 107 100 102 102 99 107 103 101 105 104 105 106 105 106 107 105 102 104 104 106 106 107 115 110 109 114 115 115 118 124 126 128 133 131 137 139 139 141 141 139 139 137 139 140 138 135 135 133 134 129 129 127 127 130 135 135 133 126 121 119 120 117 120 115 111 113 109 108 114 108 99 105 101 108 103 95 96 98 100 98 99 112 139 130 79 8 0 0 0 0 0 0 0 
0 0 0 0 0 0 0 10 84 129 179 198 224 227 175 174 155 157 148 139 147 148 139 136 144 143 144 137 142 140 143 143 148 143 139 143 143 155 157 160 157 157 161 162 159 167 167 166 169 170 166 164 160 159 157 156 153 153 153 157 151 151 151 152 150 150 147 146 142 144 135 131 133 129 126 121 120 123 120 117 116 109 109 109 106 101 102 101 105 101 102 107 100 100 99 103 106 105 105 107 105 106 107 104 102 102 105 108 108 109 115 108 112 112 118 118 122 123 128 131 139 136 137 141 140 140 139 139 140 136 138 137 135 137 135 131 131 129 125 126 128 133 135 132 130 124 122 125 118 116 114 119 112 114 110 105 104 108 110 101 96 97 100 103 93 95 98 99 96 144 129 84 10 0 0 0 0 0 0 0 
0 0 0 0 0 0 0 14 94 135 175 202 222 227 177 168 159 146 152 152 138 144 143 143 146 140 146 143 143 142 142 143 138 144 147 149 145 151 154 160 154 156 158 159 166 165 166 169 168 172 170 163 163 158 161 153 155 153 153 155 153 153 152 149 151 150 149 146 140 135 134 133 130 126 125 124 121 120 118 118 114 108 110 114 104 102 101 102 101 101 101 102 101 99 99 102 110 107 106 105 106 104 104 104 105 104 103 106 108 110 108 112 110 113 113 119 120 125 130 131 133 132 133 142 141 144 141 139 138 138 140 137 137 135 133 133 131 130 132 125 129 130 132 131 133 126 122 121 121 115 112 112 111 120 110 114 108 103 103 103 107 101 91 97 96 104 100 98 99 135 134 94 14 0 0 0 0 0 0 0 
0 0 0 0 0 0 0 20 95 142 173 210 232 215 175 163 163 150 144 149 146 144 147 140 145 141 146 142 141 139 139 139 144 144 147 143 147 151 155 155 152 156 161 163 164 166 166 166 170 168 169 167 162 161 157 157 159 153 156 153 154 153 151 152 149 148 148 144 138 137 134 130 128 125 126 125 121 121 118 115 116 113 109 107 105 100 102 101 101 102 102 99 100 101 100 102 105 106 112 106 106 105 105 103 105 105 104 105 108 106 109 108 114 114 115 117 121 123 131 131 131 132 135 140 143 139 138 137 138 137 136 138 135 135 133 133 132 131 128 128 127 131 133 132 128 128 122 121 117 118 117 115 111 106 107 109 110 112 106 105 96 98 98 102 96 91 99 103 107 128 141 95 20 0 0 0 0 0 0 0 
0 0 0 0 0 0 0 25 98 158 178 203 229 217 179 158 159 153 149 142 145 146 143 141 141 140 138 142 144 144 146 142 143 143 142 143 143 150 154 158 158 158 161 161 170 167 168 166 169 168 169 168 162 160 160 158 158 158 155 158 152 151 151 151 150 150 148 140 138 135 131 128 131 128 124 124 122 121 120 116 115 108 109 106 103 103 102 101 103 103 101 100 100 101 102 102 105 106 105 107 106 108 106 104 104 104 107 109 105 108 108 112 112 114 114 117 119 126 129 129 134 133 136 139 140 143 138 137 137 137 136 137 134 135 137 135 132 129 128 128 130 128 133 133 132 122 121 119 118 121 116 115 115 112 109 108 104 104 105 108 103 101 101 94 95 96 102 95 98 123 157 98 25 0 0 0 0 0 0 0 
0 0 0 0 0 0 0 33 97 148 183 205 229 211 185 164 162 157 148 147 143 143 142 139 143 150 148 143 143 141 142 142 142 143 140 144 154 150 157 157 163 160 160 161 164 166 163 167 167 170 169 170 163 161 160 158 157 155 155 155 153 154 153 152 150 148 142 140 137 135 133 129 129 128 124 122 118 121 119 118 114 107 108 107 106 102 104 103 103 101 101 101 102 102 101 104 106 106 106 105 108 106 107 103 106 105 106 105 107 106 109 110 111 111 114 116 122 127 129 128 131 132 132 134 142 140 141 138 139 138 138 136 134 133 134 133 129 130 129 129 128 132 130 138 131 126 122 120 116 115 114 115 114 116 112 108 108 107 105 101 98 98 100 104 99 104 94 95 101 123 147 97 33 0 0 0 0 0 0 0 
0 0 0 0 0 0 0 34 101 148 182 215 237 201 177 163 155 151 145 147 146 145 145 141 141 143 142 142 142 138 143 143 142 143 145 143 147 151 153 159 163 165 163 160 163 162 166 165 168 167 167 168 171 165 162 161 158 157 156 155 155 152 151 152 151 146 148 139 138 133 132 129 126 124 124 120 118 120 121 119 113 108 108 107 106 103 103 103 102 101 101 101 101 102 101 105 105 106 105 106 105 107 105 104 103 105 103 106 106 109 109 112 113 119 114 118 121 125 126 128 129 130 131 136 141 142 140 141 137 137 137 136 134 134 132 131 130 131 130 133 130 129 132 131 131 128 121 120 119 115 115 116 114 112 111 108 106 108 105 103 101 101 99 98 93 94 93 103 107 117 148 101 34 0 0 0 0 0 0 0 
0 0 0 0 0 0 0 37 115 148 182 209 233 208 174 166 157 152 148 144 145 143 142 145 143 142 143 143 142 143 143 142 143 143 143 143 148 151 153 155 158 160 162 164 160 163 165 167 168 167 168 170 169 168 164 160 159 158 155 156 154 154 153 152 148 145 141 138 134 133 131 130 127 124 121 122 119 121 120 118 116 109 107 106 105 103 103 102 101 101 101 101 101 101 101 104 105 105 108 107 108 105 106 104 105 103 105 104 108 108 109 108 111 112 116 117 120 124 127 129 129 129 132 134 140 140 141 138 139 137 136 135 136 133 135 130 132 130 131 128 127 126 130 133 131 127 124 121 116 116 116 114 113 112 110 109 109 108 105 103 100 99 99 97 97 96 96 99 102 107 148 115 37 0 0 0 0 0 0 0 
0 0 0 0 0 0 0 36 112 152 182 209 233 207 173 163 157 152 150 146 145 144 143 143 143 142 143 142 142 143 145 141 143 143 142 143 147 150 154 156 159 159 162 161 163 163 167 168 166 168 168 169 170 170 164 162 160 158 158 155 154 154 152 151 148 144 141 137 136 133 132 129 129 125 123 121 121 119 118 115 115 108 106 106 105 103 102 101 101 102 102 101 101 101 102 104 104 105 106 107 104 106 104 106 102 105 103 107 106 109 109 110 109 113 116 117 121 127 127 128 128 131 131 133 135 140 139 139 138 138 135 136 135 137 131 133 130 131 128 129 127 127 128 133 131 128 123 120 116 119 115 113 113 113 111 110 108 106 105 103 102 101 99 97 97 96 97 98 100 110 152 112 36 0 0 0 0 0 0 0 
0 0 0 0 0 0 0 36 112 152 184 211 235 207 174 162 158 151 147 146 144 144 141 143 143 142 143 142 142 143 143 143 143 143 142 143 148 151 154 157 156 161 160 164 164 164 165 166 166 168 169 169 171 170 167 164 161 160 158 157 155 156 153 150 146 142 139 137 135 133 130 129 126 125 123 121 118 119 118 116 113 108 108 107 105 101 101 101 101 102 102 102 101 101 101 104 106 106 107 106 107 105 106 101 105 103 107 105 108 106 109 110 112 113 115 118 123 125 127 126 128 128 130 131 135 140 139 139 139 137 138 134 135 133 134 131 133 129 131 127 128 127 128 133 131 128 123 120 118 117 115 113 113 113 111 110 108 106 105 103 99 100 98 100 96 95 96 98 102 113 152 112 36 0 0 0 0 0 0 0 
0 0 0 0 0 0 0 36 112 152 184 211 235 207 174 162 156 151 148 147 144 143 144 142 142 144 142 142 143 142 142 144 143 142 143 142 146 153 154 155 159 157 163 162 164 165 164 165 168 168 168 171 169 171 171 164 164 160 158 157 157 153 154 151 145 141 139 137 135 132 131 127 127 125 124 121 118 118 119 116 112 108 109 108 104 101 101 102 102 102 102 102 102 101 101 104 105 106 106 106 107 107 103 103 101 106 105 107 106 108 107 111 113 112 113 119 124 126 125 128 127 129 130 133 134 140 141 138 138 139 135 137 133 134 133 134 130 133 127 129 127 127 130 130 132 131 121 120 120 116 114 114 113 112 112 110 108 106 103 103 102 100 98 98 96 95 96 98 102 113 152 112 36 0 0 0 0 0 0 0 
0 0 0 0 0 0 0 36 112 152 184 211 235 207 174 162 158 151 147 146 144 144 141 143 143 142 143 142 142 143 143 143 143 143 142 143 148 151 154 157 156 161 160 164 164 164 165 166 166 168 169 169 171 170 171 169 163 162 159 158 156 157 153 148 144 141 139 136 134 133 129 129 126 125 123 121 118 119 118 116 113 107 108 107 105 102 101 101 102 102 102 102 101 101 101 103 105 105 106 106 106 104 105 100 104 102 107 105 108 106 109 110 112 113 115 118 123 125 128 126 128 128 130 131 135 140 139 139 139 137 138 134 136 133 134 131 133 129 131 127 128 127 128 133 131 128 123 120 118 117 115 113 113 113 111 110 108 106 105 103 99 100 98 100 96 95 96 98 102 113 152 112 36 0 0 0 0 0 0 0 
0 0 0 0 0 0 0 36 112 152 182 209 233 207 173 163 157 152 150 146 145 144 143 143 143 142 143 142 142 143 145 141 143 143 142 143 147 150 154 156 159 159 162 161 163 163 167 168 166 168 168 169 170 171 171 171 165 162 161 158 157 157 153 146 143 142 139 136 134 131 130 127 127 124 122 121 120 119 118 115 114 108 106 106 105 103 102 101 101 102 102 101 101 102 101 104 104 106 106 107 104 106 104 106 102 105 103 107 106 109 109 110 110 114 117 119 120 125 125 126 126 128 128 130 134 140 139 139 138 138 135 136 135 137 131 133 130 131 128 129 127 127 128 133 131 128 123 120 116 119 115 113 113 113 111 110 108 106 105 103 102 101 99 97 97 96 97 98 100 110 152 112 36 0 0 0 0 0 0 0 
0 0 0 0 0 0 0 37 115 148 182 209 233 208 174 166 157 151 148 144 145 143 142 145 143 142 143 143 142 143 143 142 143 143 143 143 148 151 153 155 158 160 162 164 160 163 165 167 168 167 168 170 169 171 172 171 170 164 160 160 159 158 153 146 143 141 138 136 133 132 130 129 126 125 121 121 118 120 119 117 115 108 106 105 105 103 103 101 101 101 102 101 101 101 101 103 104 105 107 106 107 104 106 103 104 102 104 104 109 108 110 109 112 113 118 122 125 124 126 127 127 126 129 130 132 137 141 138 139 137 136 135 136 133 135 130 132 130 131 128 128 125 129 133 131 128 124 121 116 116 116 114 113 112 110 109 109 108 105 103 100 99 99 97 97 96 96 99 102 107 148 115 37 0 0 0 0 0 0 0 
0 0 0 0 0 0 0 34 101 148 182 215 237 201 177 163 155 151 145 147 146 145 145 141 141 143 142 142 142 138 143 143 142 143 145 143 147 151 153 159 163 165 163 160 163 162 166 165 168 167 167 168 172 171 172 174 171 165 163 161 159 154 148 146 144 140 144 136 135 132 131 129 126 123 123 120 118 119 120 119 112 107 108 106 105 102 102 103 101 100 101 101 101 101 101 104 105 106 106 106 105 107 105 104 103 105 103 107 106 109 109 112 112 119 115 122 124 124 124 126 127 127 128 130 133 137 139 141 137 137 137 136 134 134 132 131 130 131 130 133 131 127 130 130 131 131 123 119 118 115 115 116 114 112 111 108 106 108 105 103 101 101 99 98 93 94 93 103 107 117 148 101 34 0 0 0 0 0 0 0 
0 0 0 0 0 0 0 33 97 148 183 205 229 211 185 164 162 157 148 147 143 143 142 139 143 150 148 143 143 141 142 142 142 143 140 144 154 150 157 157 163 160 160 161 164 166 163 167 167 170 169 170 166 169 171 172 172 170 165 163 160 156 149 147 143 141 136 135 133 133 131 128 127 126 122 122 118 120 119 118 113 107 108 107 106 102 103 103 102 100 100 100 101 101 100 104 105 105 106 104 107 105 106 102 105 104 106 105 108 107 110 111 113 113 117 120 125 125 125 123 126 127 128 129 133 133 140 138 139 138 138 136 134 133 134 133 129 130 129 130 129 130 127 136 132 129 123 118 115 115 114 115 114 116 112 108 108 107 105 101 98 98 100 104 99 104 94 95 101 123 147 97 33 0 0 0 0 0 0 0 
0 0 0 0 0 0 0 25 98 158 178 203 229 217 179 158 159 153 149 142 145 146 143 141 141 140 138 142 144 144 146 142 143 143 142 143 143 150 154 158 158 158 161 161 170 167 168 166 169 168 169 169 169 169 171 172 173 174 167 169 159 153 150 147 144 141 140 135 135 132 130 126 129 125 122 122 120 119 119 115 115 108 108 106 103 103 101 101 102 101 100 100 99 100 102 101 103 106 105 107 106 108 106 104 102 104 107 109 104 108 108 113 112 117 117 122 123 124 124 124 129 127 128 131 132 136 137 137 137 137 136 137 134 135 137 135 132 129 128 128 131 127 130 132 133 126 122 118 118 121 116 115 115 112 109 108 104 104 105 108 103 101 101 94 95 96 102 95 98 123 157 98 25 0 0 0 0 0 0 0 
0 0 0 0 0 0 0 20 95 142 173 210 232 215 175 163 163 150 144 149 146 144 147 140 145 141 146 142 141 139 139 139 144 144 147 143 147 151 155 155 152 156 161 163 164 166 166 166 170 168 169 170 170 172 170 172 175 171 173 165 161 154 149 147 143 140 139 138 133 133 130 128 127 124 124 123 119 119 116 114 114 113 109 106 104 101 101 101 101 102 102 99 100 100 98 102 104 105 111 106 106 104 103 102 105 105 105 106 109 108 109 109 114 115 119 122 124 123 124 125 126 126 128 130 131 131 138 138 138 137 136 138 135 135 133 133 132 131 128 129 128 129 130 131 130 131 124 119 117 119 117 115 111 106 107 109 110 112 106 105 96 98 98 102 96 91 99 103 107 128 141 95 20 0 0 0 0 0 0 0 
0 0 0 0 0 0 0 14 94 135 175 202 222 227 177 168 159 146 152 152 138 144 143 143 147 140 146 143 143 142 142 143 138 144 147 149 145 151 154 160 154 156 158 159 166 165 166 169 168 172 170 169 171 169 175 170 173 171 172 170 161 155 151 144 145 142 138 136 136 131 130 130 127 123 122 123 120 118 117 116 112 107 109 113 103 101 100 101 101 101 101 102 101 99 98 101 110 107 106 105 106 104 104 104 104 103 103 107 107 109 108 113 111 117 120 123 121 123 125 125 126 127 125 131 129 135 140 139 138 138 140 137 137 135 133 133 131 130 131 126 129 128 129 130 135 130 124 120 120 115 112 112 111 120 110 114 108 103 103 103 107 101 91 97 96 104 100 98 99 135 134 94 14 0 0 0 0 0 0 0 
0 0 0 0 0 0 0 10 84 129 179 198 224 227 175 174 155 157 148 139 147 148 139 136 144 143 144 137 142 140 143 143 148 143 139 143 143 155 157 160 157 157 161 162 159 167 167 166 169 170 167 172 170 171 171 172 171 172 172 174 157 155 151 148 145 143 139 137 135 137 129 129 130 126 124 118 118 120 119 115 116 106 107 108 105 100 101 99 104 99 101 107 99 98 98 102 106 105 104 106 104 105 107 104 101 104 105 108 108 109 116 110 113 115 122 123 124 123 124 123 132 127 129 127 128 131 138 139 140 136 138 137 135 137 135 131 131 129 126 127 128 131 132 130 133 128 122 124 117 116 114 119 112 114 110 105 104 108 110 101 96 97 100 103 93 95 98 99 96 144 129 84 10 0 0 0 0 0 0 0 
0 0 0 0 0 0 0 8 79 130 165 203 230 222 187 172 159 152 152 155 142 141 144 143 146 135 143 148 141 140 142 138 145 148 145 144 146 158 153 156 158 160 159 162 163 162 163 164 168 171 172 171 171 170 173 171 172 174 173 168 163 157 151 154 147 145 139 137 134 136 138 130 126 125 122 121 120 119 118 117 117 109 105 105 105 102 102 107 99 101 102 98 105 101 100 104 104 105 106 104 105 106 105 102 102 104 105 107 107 117 111 110 116 119 121 123 126 123 123 126 124 128 126 126 128 133 136 139 137 139 140 138 135 135 133 134 129 129 128 129 128 132 132 133 130 125 119 119 117 120 115 111 113 109 108 114 108 99 105 101 108 103 95 96 98 100 98 99 112 139 130 79 8 0 0 0 0 0 0 0 
0 0 0 0 0 0 0 2 62 136 162 197 214 239 191 162 165 158 153 142 146 152 142 136 142 144 149 136 141 143 143 151 144 141 145 145 150 148 151 154 158 160 161 161 163 169 165 165 164 167 173 172 175 173 170 173 174 174 170 169 163 163 152 150 144 144 143 140 136 131 132 131 129 125 121 120 126 126 118 116 115 115 109 106 105 101 103 103 101 99 98 99 100 100 101 102 103 107 109 105 106 105 110 108 103 104 104 106 107 108 111 113 115 120 121 120 124 123 126 122 126 123 125 128 127 131 138 143 140 140 137 137 137 133 136 130 129 129 131 133 131 128 129 128 129 132 124 124 125 115 110 109 112 119 112 104 103 105 111 101 97 101 101 95 97 95 103 91 113 138 136 62 2 0 0 0 0 0 0 0 
0 0 0 0 0 0 0 1 57 119 163 194 219 235 193 167 160 153 165 147 148 137 149 149 140 134 150 146 142 141 138 144 143 145 145 145 142 149 154 154 157 160 157 162 166 164 166 165 167 168 169 170 172 174 174 172 174 172 170 165 165 159 159 154 148 143 140 137 138 136 129 128 127 127 125 120 123 121 121 118 114 109 108 108 109 100 101 104 103 97 96 101 104 100 99 108 107 105 105 104 105 107 104 108 102 105 107 106 106 106 111 113 115 119 121 122 122 129 122 126 124 123 124 129 128 131 135 141 142 139 140 137 134 131 131 131 131 130 133 134 129 128 125 129 131 132 127 118 115 113 113 116 116 114 103 109 113 108 99 103 105 101 97 100 96 95 102 101 115 149 119 57 1 0 0 0 0 0 0 0 
0 0 0 0 0 0 0 0 52 119 150 191 222 230 200 175 153 162 149 149 150 146 148 141 147 149 142 136 147 146 150 138 144 144 153 150 144 147 158 157 163 156 164 160 164 163 165 166 166 170 167 171 174 174 176 174 172 175 168 171 164 165 158 155 151 145 144 142 135 135 134 129 131 126 124 123 125 119 120 119 114 114 108 108 104 102 101 102 101 101 99 100 102 100 99 103 106 106 110 104 107 105 104 107 104 105 105 108 106 110 109 111 117 122 121 123 127 122 125 121 126 126 126 125 129 134 137 142 142 138 138 136 133 133 132 132 131 138 131 134 130 133 131 135 135 133 118 118 117 122 120 113 107 115 112 109 105 108 106 102 102 105 97 96 96 100 92 106 120 140 119 52 0 0 0 0 0 0 0 0 
0 0 0 0 0 0 0 0 33 114 152 180 216 237 207 173 171 156 152 157 143 141 151 143 137 140 150 144 136 137 146 149 139 145 145 147 152 153 151 152 164 163 160 163 162 163 164 168 167 172 169 169 171 174 173 171 176 172 169 166 168 164 165 152 154 149 146 141 144 136 137 130 133 128 125 123 125 121 120 119 119 109 107 107 106 104 103 99 102 101 103 102 100 101 101 104 105 107 107 109 105 106 106 108 103 105 105 112 107 109 110 119 118 126 122 128 119 126 122 130 123 123 125 129 126 131 137 141 140 137 140 135 134 132 135 132 136 134 129 128 127 130 140 139 130 122 124 118 124 116 111 112 118 115 108 102 109 113 99 102 101 101 97 97 99 95 96 109 113 142 114 33 0 0 0 0 0 0 0 0 
0 0 0 0 0 0 0 0 29 98 152 182 205 239 215 178 171 158 151 152 148 143 146 147 141 139 145 142 150 148 138 146 152 146 141 140 153 150 153 152 155 156 161 168 165 165 165 165 169 172 169 171 172 177 177 174 174 176 167 168 165 170 163 159 154 148 147 144 138 136 133 131 129 126 126 124 127 120 120 119 118 111 106 107 112 102 102 101 105 102 101 109 99 100 101 108 104 106 107 110 106 105 104 108 103 104 106 107 107 109 112 114 117 121 125 121 124 122 127 121 124 124 129 125 129 135 143 143 142 137 138 136 134 136 136 137 140 128 128 130 130 135 134 140 124 123 127 124 117 112 124 120 112 110 109 111 104 107 105 101 113 94 103 99 100 94 106 99 126 150 98 29 0 0 0 0 0 0 0 0 
0 0 0 0 0 0 0 0 10 93 138 179 202 230 221 173 167 159 151 152 150 149 145 137 145 145 145 139 141 149 144 138 148 149 145 147 144 148 154 156 156 160 159 162 165 176 166 166 167 168 169 169 174 171 173 179 177 169 169 165 169 162 168 160 155 149 145 143 139 141 134 136 130 127 126 124 122 122 122 117 117 114 110 107 107 103 101 103 103 104 107 102 101 99 103 107 104 108 108 107 108 107 104 103 102 106 105 106 114 108 114 115 118 120 121 124 123 128 121 126 122 124 124 128 132 130 137 145 138 135 136 136 137 137 148 136 131 130 134 132 136 129 133 131 132 126 124 122 113 120 118 112 108 114 113 107 104 105 107 100 100 98 96 103 94 95 106 101 135 137 93 10 0 0 0 0 0 0 0 0 
0 0 0 0 0 0 0 0 6 73 134 169 203 223 234 182 165 161 158 149 149 152 140 148 142 136 147 141 142 143 144 144 141 140 146 147 142 144 148 159 157 163 160 160 166 170 166 165 165 163 174 170 175 179 173 174 173 169 165 172 166 164 162 167 159 153 150 141 140 143 136 132 130 134 127 124 123 120 123 124 123 114 112 106 105 103 102 109 101 104 104 100 106 102 103 104 102 110 107 111 114 107 102 105 105 104 107 107 107 111 119 115 118 119 122 121 127 122 122 122 123 124 125 130 131 132 143 140 138 137 135 136 136 138 138 134 131 131 131 132 132 131 130 131 130 128 118 116 121 120 115 115 114 112 104 112 105 104 106 104 100 105 104 100 91 110 99 111 133 134 73 6 0 0 0 0 0 0 0 0 
0 0 0 0 0 0 0 0 0 65 126 172 194 222 238 192 169 164 161 153 155 144 145 152 140 150 136 146 145 139 142 152 143 142 150 145 145 144 153 154 155 161 163 162 163 173 168 169 171 168 169 177 178 172 178 174 170 170 169 162 172 164 167 167 163 155 155 146 141 145 136 134 140 129 128 129 122 122 121 120 120 113 108 108 105 104 104 101 112 100 99 109 100 103 104 101 106 106 104 105 106 107 106 104 106 105 107 116 107 112 117 117 120 126 120 122 127 124 122 127 120 123 129 128 129 138 135 144 144 137 138 141 140 135 139 132 132 138 135 132 132 132 132 132 128 124 122 118 119 115 117 117 113 109 116 108 108 105 104 108 102 96 107 98 102 98 102 109 152 126 65 0 0 0 0 0 0 0 0 0 
0 0 0 0 0 0 0 0 0 46 117 162 192 225 237 194 175 158 155 148 153 151 147 148 144 145 144 137 147 142 144 143 147 147 146 149 143 146 148 159 155 162 168 162 164 168 164 167 170 175 167 171 180 174 173 184 168 165 170 167 162 166 164 163 161 161 150 145 147 145 139 140 137 130 132 131 124 128 127 121 126 118 109 111 107 105 106 104 101 106 101 101 104 103 102 110 107 106 108 112 108 110 110 107 110 109 105 112 115 110 119 122 119 119 122 121 124 122 123 121 122 123 122 126 135 132 135 149 139 137 145 141 136 134 134 133 134 138 138 132 137 134 135 127 126 127 124 122 116 123 116 115 111 110 119 106 108 106 107 109 100 98 101 95 103 101 110 112 145 117 46 0 0 0 0 0 0 0 0 0 
0 0 0 0 0 0 0 0 0 35 110 150 194 213 235 198 178 158 160 146 159 147 145 146 139 154 140 145 138 142 151 141 146 146 143 150 150 144 150 155 161 157 164 159 162 169 165 166 174 172 169 168 173 177 175 178 170 164 171 166 165 174 165 163 164 159 155 153 142 149 144 137 139 136 129 126 129 123 124 121 118 116 108 112 108 104 106 101 100 101 107 100 99 104 102 104 110 104 106 106 107 107 106 109 108 104 111 113 108 118 120 118 123 120 120 121 122 121 130 122 121 130 122 129 133 134 139 145 139 139 143 141 134 136 139 135 136 134 132 136 131 134 130 132 128 123 125 123 116 121 115 115 115 112 116 109 102 106 98 112 97 106 95 106 98 106 102 134 146 110 36 0 0 0 0 0 0 0 0 0 
0 0 0 0 0 0 0 0 0 16 91 143 181 208 239 213 176 170 159 159 149 158 145 154 141 142 141 147 140 146 140 144 150 143 155 143 145 148 144 158 160 161 158 164 171 165 172 166 167 176 173 174 175 173 180 177 167 165 168 168 166 163 163 164 167 163 160 153 149 152 142 136 144 133 130 127 123 128 124 119 124 115 111 113 106 110 105 101 102 100 101 106 99 104 107 103 110 104 105 108 105 108 107 105 106 107 107 114 110 113 126 118 119 119 123 126 124 122 120 121 128 128 124 125 132 133 134 146 142 143 143 138 137 142 135 136 139 134 137 137 139 131 135 130 125 134 121 120 119 115 117 113 119 107 109 107 112 103 108 102 104 102 100 101 96 106 102 126 142 91 16 0 0 0 0 0 0 0 0 0 
0 0 0 0 0 0 0 0 0 5 74 140 173 209 230 231 178 170 149 160 147 151 143 146 144 150 137 149 145 146 145 147 143 142 143 143 152 148 153 148 164 162 160 164 162 174 173 172 168 172 172 169 182 171 175 174 171 168 165 167 167 165 163 167 169 161 163 158 150 152 141 145 136 135 142 126 124 125 122 129 119 116 118 106 110 103 102 108 101 103 102 101 111 101 100 105 105 110 108 105 113 104 105 104 103 116 110 109 110 113 121 118 119 123 121 129 125 120 120 121 126 127 125 130 132 129 134 150 140 139 138 137 142 138 144 136 136 134 136 141 131 138 134 127 126 123 120 121 122 117 121 113 114 106 113 109 101 108 99 100 102 93 99 96 106 101 112 140 140 74 5 0 0 0 0 0 0 0 0 0 
0 0 0 0 0 0 0 0 0 2 55 122 171 202 227 238 187 168 163 156 149 151 149 149 148 144 147 143 141 150 138 152 143 146 146 149 140 151 149 151 155 164 163 161 168 165 173 168 173 173 172 174 176 173 170 180 168 169 167 162 168 161 167 166 166 164 160 160 160 155 145 143 140 138 131 130 131 122 125 122 121 125 114 113 108 105 102 105 108 103 100 103 102 105 102 104 105 105 114 107 105 104 102 109 107 108 113 110 115 114 122 122 119 118 119 124 124 125 120 126 121 123 127 125 138 129 133 147 144 142 138 142 135 140 135 141 135 138 141 134 138 135 136 127 132 122 119 118 119 116 115 114 110 113 108 111 107 103 98 105 99 98 101 97 106 101 112 154 122 55 2 0 0 0 0 0 0 0 0 0 
0 0 0 0 0 0 0 0 0 0 37 115 162 188 224 241 194 175 160 158 152 152 141 152 144 142 145 143 147 140 148 139 150 144 143 147 149 144 154 150 151 161 158 161 168 167 166 174 169 178 172 176 176 177 172 174 166 172 165 163 171 164 169 165 168 166 158 163 159 157 153 148 139 138 134 134 127 130 127 125 131 120 118 111 107 109 104 110 102 103 101 100 108 101 108 104 104 107 104 116 106 109 104 107 110 107 109 111 118 122 121 118 119 119 122 128 120 126 121 129 121 123 130 127 134 132 139 140 146 143 143 139 143 138 136 135 133 133 133 136 137 137 131 133 125 127 116 126 118 116 115 115 112 112 109 111 105 100 107 99 106 98 104 99 109 107 117 154 115 37 0 0 0 0 0 0 0 0 0 0 
0 0 0 0 0 0 0 0 0 0 14 97 148 188 216 241 208 179 166 164 150 153 150 151 150 144 154 144 151 143 146 143 147 146 152 142 149 151 146 153 151 153 164 163 163 169 166 172 165 169 175 172 174 177 170 172 169 172 172 163 171 162 172 164 169 164 162 164 160 158 151 149 144 142 137 135 128 127 125 128 124 123 120 111 113 106 108 103 105 104 101 107 100 106 102 110 105 109 105 106 112 107 104 106 107 107 113 113 121 118 118 118 121 120 122 125 119 126 119 131 123 127 125 131 133 131 140 142 142 145 140 137 141 139 143 136 138 136 135 132 134 131 134 128 127 122 121 116 113 117 112 120 110 125 107 115 107 108 104 99 111 98 102 102 101 107 127 146 97 14 0 0 0 0 0 0 0 0 0 0 
0 0 0 0 0 0 0 0 0 0 5 87 140 179 208 239 218 172 165 158 163 150 144 153 147 145 147 145 145 149 145 149 141 145 147 153 143 155 148 146 160 154 160 167 170 164 171 173 175 170 182 171 184 174 173 171 171 170 171 161 173 162 172 164 167 164 164 164 158 166 155 153 144 141 137 130 132 127 131 128 127 125 118 120 112 112 103 108 105 106 100 102 104 101 108 106 112 105 108 105 111 108 109 107 108 110 112 113 113 118 119 117 121 123 119 125 120 127 121 131 123 128 128 131 133 135 139 151 140 149 139 146 139 143 138 143 141 137 134 138 133 134 131 126 128 122 122 117 126 116 121 108 115 108 110 110 106 103 103 106 106 98 93 106 108 103 138 140 87 5 0 0 0 0 0 0 0 0 0 0 
0 0 0 0 0 0 0 0 0 0 0 58 125 166 201 233 233 182 168 167 154 156 148 152 151 144 147 143 148 146 146 149 148 148 147 146 152 143 158 142 151 166 156 168 163 171 166 173 174 176 172 180 174 175 172 172 170 172 168 166 172 163 173 163 174 162 170 161 165 164 166 156 154 145 140 134 134 128 129 128 129 123 128 113 114 107 108 104 108 103 105 104 102 102 102 108 104 116 107 110 105 107 104 110 104 112 108 116 120 122 122 124 118 121 119 127 119 126 122 132 124 128 126 131 132 137 139 143 148 141 147 142 145 141 142 135 144 132 145 135 128 134 129 132 127 125 127 123 115 118 115 119 114 112 110 116 107 107 104 98 107 103 99 106 108 109 146 125 58 0 0 0 0 0 0 0 0 0 0 0 
0 0 0 0 0 0 0 0 0 0 0 37 115 164 199 229 239 195 175 175 154 159 156 144 150 147 150 148 142 151 147 147 149 150 150 149 145 154 148 156 151 155 165 163 170 164 169 163 174 175 166 180 174 181 169 174 168 168 164 165 173 162 173 163 170 164 171 160 164 162 167 162 148 147 140 140 131 134 126 130 127 128 119 120 108 110 105 108 102 104 101 106 100 101 104 109 107 105 108 106 111 105 110 105 113 110 111 113 116 121 120 123 118 122 118 124 118 131 120 129 123 122 125 128 131 131 147 144 151 139 145 141 139 137 137 148 137 144 135 137 135 129 131 129 127 127 124 123 121 120 118 111 113 110 114 112 103 115 105 96 107 104 99 102 108 126 153 115 37 0 0 0 0 0 0 0 0 0 0 0 
0 0 0 0 0 0 0 0 0 0 0 8 98 146 193 221 240 201 175 166 158 154 153 148 146 153 145 149 149 145 154 146 148 147 150 145 149 147 153 148 153 161 158 169 164 164 174 169 175 174 175 176 176 182 170 176 170 171 170 166 176 164 172 164 169 165 167 162 163 163 166 158 157 153 145 142 134 137 127 137 129 127 120 115 109 112 104 106 102 101 102 103 108 101 106 107 109 105 109 107 115 103 112 103 111 110 114 114 114 117 119 115 119 121 118 124 120 128 121 131 123 129 128 129 134 133 146 147 143 143 145 147 141 145 142 140 142 141 137 137 134 136 132 130 123 124 126 121 118 126 111 121 113 109 115 105 102 112 108 100 107 105 104 108 108 141 142 98 8 0 0 0 0 0 0 0 0 0 0 0 
0 0 0 0 0 0 0 0 0 0 0 1 88 125 174 210 239 230 183 167 157 152 152 152 150 146 148 148 149 150 145 150 145 150 150 151 149 154 150 151 157 154 166 164 166 170 163 175 165 173 182 173 181 176 175 173 167 170 169 165 171 165 174 161 172 162 167 161 167 167 163 166 163 154 151 139 140 133 140 131 136 126 130 119 119 107 108 107 107 105 107 107 105 108 104 112 105 112 106 112 105 111 102 106 105 110 116 115 121 116 121 117 118 118 118 123 118 126 121 128 123 128 129 131 134 137 144 153 141 152 142 138 146 140 145 138 145 137 136 141 133 136 132 125 128 128 123 118 126 115 122 119 106 115 111 108 110 107 104 102 101 107 105 105 110 145 125 89 1 0 0 0 0 0 0 0 0 0 0 0 
0 0 0 0 0 0 0 0 0 0 0 0 53 130 175 201 233 244 185 175 157 150 153 157 154 150 150 149 148 149 146 147 151 148 150 151 152 145 153 154 148 157 159 160 171 169 168 174 173 174 180 180 181 166 175 171 169 172 171 165 170 165 174 163 167 169 163 167 167 159 166 163 167 159 155 144 143 134 136 138 133 131 126 127 115 112 107 108 109 106 108 106 104 104 109 104 111 110 111 111 109 109 106 113 108 117 112 123 116 119 117 119 121 118 123 123 118 125 120 126 123 128 130 129 135 140 141 151 145 152 146 144 145 141 138 151 139 139 143 131 142 131 128 130 126 125 124 128 115 121 123 108 115 116 112 110 112 107 107 101 103 104 101 106 111 163 130 53 0 0 0 0 0 0 0 0 0 0 0 0 
0 0 0 0 0 0 0 0 0 0 0 0 23 112 162 201 226 248 194 175 168 155 162 150 152 154 147 148 144 144 153 148 145 153 149 155 155 154 149 156 153 152 156 163 162 164 170 168 175 173 173 180 179 165 172 175 168 171 167 167 174 166 168 170 168 165 166 164 166 160 172 160 168 162 161 154 148 142 137 135 137 131 126 124 113 114 106 109 107 106 107 101 107 107 107 111 109 111 112 111 108 108 110 114 111 113 114 123 117 126 116 119 118 117 122 121 124 124 121 125 122 124 131 126 137 139 140 146 149 143 144 147 147 143 142 142 141 141 134 141 130 134 132 126 131 125 126 117 119 125 112 113 118 116 111 106 105 114 111 103 101 98 109 108 133 157 113 23 0 0 0 0 0 0 0 0 0 0 0 0 
0 0 0 0 0 0 0 0 0 0 0 0 3 83 146 188 217 244 206 181 165 160 158 158 149 152 148 147 146 147 148 153 152 143 152 151 157 152 155 157 152 152 160 165 165 170 167 170 174 176 176 180 179 171 174 174 174 174 168 173 174 167 169 169 168 169 166 158 172 162 165 171 164 166 159 157 149 145 138 141 133 138 128 121 122 110 116 104 111 106 103 112 101 112 109 106 112 105 111 107 115 108 105 111 110 109 120 117 121 124 116 125 115 115 122 118 124 124 122 125 127 125 133 129 143 139 144 151 149 143 152 148 142 144 148 138 146 139 138 133 140 134 126 135 129 124 119 125 129 117 115 119 116 113 106 108 114 110 112 103 104 108 108 114 142 145 84 3 0 0 0 0 0 0 0 0 0 0 0 0 
0 0 0 0 0 0 0 0 0 0 0 0 0 57 133 174 206 236 220 178 166 164 155 161 151 149 144 151 148 149 152 151 149 155 152 150 151 158 150 154 157 157 160 161 166 171 170 173 172 173 174 181 175 170 170 175 168 175 173 168 172 174 166 174 174 166 170 164 166 170 165 163 170 164 164 169 148 149 143 141 138 129 137 123 122 118 106 111 109 107 111 108 106 105 111 112 108 115 106 110 115 107 113 108 117 120 117 122 119 117 122 122 115 121 119 120 127 117 128 126 126 129 134 130 141 141 144 149 146 145 146 145 145 148 143 147 134 144 145 137 138 131 137 126 125 127 126 125 116 123 119 118 114 107 109 112 115 110 108 99 98 107 104 112 150 133 58 0 0 0 0 0 0 0 0 0 0 0 0 0 
0 0 0 0 0 0 0 0 0 0 0 0 0 27 114 164 200 229 242 186 168 159 161 157 151 154 146 151 149 147 147 152 154 148 153 153 155 148 153 153 158 151 155 160 166 167 168 175 174 171 179 179 171 172 175 176 169 179 169 168 171 175 168 170 169 170 165 171 168 165 175 164 164 170 162 170 160 148 144 143 140 137 136 130 127 118 113 113 111 107 110 105 111 106 112 113 108 115 112 112 109 109 110 112 115 116 122 121 111 125 121 117 121 114 123 121 125 118 128 125 124 125 135 135 136 143 149 148 150 152 144 151 150 144 146 145 142 140 137 145 135 131 125 132 132 123 124 122 128 121 121 112 116 108 114 109 109 110 103 106 105 104 106 119 158 114 27 0 0 0 0 0 0 0 0 0 0 0 0 0 
0 0 0 0 0 0 0 0 0 0 0 0 0 7 91 155 194 222 244 195 176 163 154 157 149 156 151 151 158 152 151 149 155 148 153 152 152 156 155 155 153 161 154 163 162 168 171 174 171 170 179 180 172 174 179 175 170 173 174 169 172 172 172 168 171 173 170 162 171 167 167 173 167 166 166 167 166 161 145 141 146 135 131 136 120 122 116 104 114 111 104 114 102 107 116 106 113 111 110 113 111 103 115 114 116 118 118 118 120 121 117 121 116 117 126 121 122 118 128 131 122 132 129 132 135 147 154 143 157 150 146 146 151 148 142 142 145 140 143 133 135 133 133 127 124 133 125 128 121 116 116 122 115 115 116 110 112 108 104 104 102 105 106 138 155 91 7 0 0 0 0 0 0 0 0 0 0 0 0 0 
0 0 0 0 0 0 0 0 0 0 0 0 0 0 51 136 173 213 245 226 184 170 160 162 161 154 148 145 150 150 152 153 148 156 149 154 155 155 155 155 159 156 162 152 169 166 177 174 172 177 177 181 171 174 175 175 170 173 176 173 167 173 174 170 164 173 174 166 169 174 165 165 169 165 166 168 168 162 154 146 146 143 142 133 131 126 114 114 112 110 109 109 109 106 114 112 109 117 111 112 113 108 109 113 122 120 116 120 120 115 123 120 117 121 125 120 117 124 127 124 125 134 133 127 140 146 151 148 158 148 154 143 152 151 145 144 138 146 139 141 132 131 136 131 134 126 126 119 122 122 120 120 113 115 114 112 110 107 107 106 111 114 117 154 136 51 0 0 0 0 0 0 0 0 0 0 0 0 0 0 
0 0 0 0 0 0 0 0 0 0 0 0 0 0 28 123 165 201 236 236 184 170 166 157 152 147 148 148 147 148 150 150 151 149 162 156 148 155 152 160 154 161 158 161 161 169 168 169 172 176 178 178 174 173 175 175 174 173 174 173 172 169 170 174 169 168 170 173 166 171 177 171 165 169 167 170 166 168 159 152 152 146 135 141 133 125 118 113 106 110 110 104 106 115 109 113 119 107 112 118 105 111 115 109 119 120 120 116 117 122 123 115 121 120 121 120 122 125 123 124 129 131 132 130 144 144 153 153 152 156 152 150 146 146 148 143 146 139 149 137 143 131 133 126 129 133 125 125 123 122 118 119 117 113 115 109 106 107 107 105 113 109 118 157 123 28 0 0 0 0 0 0 0 0 0 0 0 0 0 0 
0 0 0 0 0 0 0 0 0 0 0 0 0 0 5 100 157 193 229 245 193 174 166 159 155 154 150 148 153 152 149 151 150 149 150 157 153 152 156 155 151 155 157 158 162 168 171 167 175 178 182 176 171 175 175 176 177 170 174 169 173 169 169 175 173 172 170 175 173 172 172 173 172 170 162 173 174 166 165 164 152 145 147 140 129 128 120 112 110 110 114 110 106 113 112 107 117 113 113 112 114 112 112 119 125 114 118 121 118 115 125 116 123 118 120 124 124 121 122 124 129 129 131 139 140 147 155 149 152 154 153 151 144 148 148 148 146 144 138 135 136 137 132 133 131 126 125 125 123 115 125 121 112 113 120 108 112 112 109 104 113 116 139 155 101 6 0 0 0 0 0 0 0 0 0 0 0 0 0 0 
0 0 0 0 0 0 0 0 0 0 0 0 0 0 0 60 132 186 217 245 206 175 167 160 159 155 153 156 152 153 154 153 152 156 153 156 155 153 154 157 155 158 159 159 162 167 166 175 169 177 177 179 170 175 174 170 175 168 171 176 174 174 174 169 173 174 174 166 174 170 172 168 166 170 173 172 171 168 171 167 157 157 146 136 135 131 130 116 113 112 109 110 109 118 108 118 111 112 117 115 109 114 116 119 123 121 119 120 115 118 121 123 115 124 119 124 124 125 124 127 128 129 129 143 137 151 157 150 158 152 155 146 151 143 147 148 147 144 143 139 135 135 130 129 128 127 126 124 121 120 122 117 118 111 113 116 109 111 104 105 109 116 160 132 60 0 0 0 0 0 0 0 0 0 0 0 0 0 0 0 
0 0 0 0 0 0 0 0 0 0 0 0 0 0 0 30 113 164 208 242 225 180 165 160 162 153 154 157 155 147 150 151 150 152 151 153 152 159 153 155 157 157 156 164 165 166 166 168 174 176 183 175 179 168 173 175 173 178 170 169 166 174 180 174 168 174 175 175 173 168 169 175 172 172 169 170 171 172 169 168 169 156 150 142 136 137 124 120 119 112 110 113 114 104 113 114 117 110 116 119 110 112 118 117 120 122 118 115 124 118 116 118 121 124 121 113 124 129 124 124 123 128 137 135 144 154 150 159 153 158 152 151 147 145 146 147 146 144 142 135 137 135 134 131 131 127 126 122 123 124 120 121 121 111 109 112 108 107 108 112 111 125 156 113 30 0 0 0 0 0 0 0 0 0 0 0 0 0 0 0 
0 0 0 0 0 0 0 0 0 0 0 0 0 0 0 3 87 158 199 227 254 183 176 164 161 158 157 152 156 158 150 156 156 159 158 154 155 157 162 157 161 160 162 160 164 159 165 172 174 179 178 178 176 177 175 175 171 175 173 176 177 168 173 174 175 175 175 172 174 175 173 168 173 174 173 172 175 168 168 170 173 162 155 146 142 134 131 123 118 116 114 115 116 112 110 114 109 115 115 111 113 112 120 120 118 124 116 116 116 117 117 119 120 119 121 121 123 124 121 131 128 130 134 136 146 157 158 158 155 154 155 151 150 148 146 145 145 143 137 140 135 136 133 133 131 128 126 124 124 122 124 122 116 115 113 111 112 112 108 113 110 145 157 87 3 0 0 0 0 0 0 0 0 0 0 0 0 0 0 0 
0 0 0 0 0 0 0 0 0 0 0 0 0 0 0 0 60 144 186 222 250 199 176 166 162 158 155 157 156 153 154 151 152 154 156 158 158 154 156 163 159 160 160 162 161 159 166 171 174 174 181 180 176 177 168 168 180 173 178 170 172 175 173 174 167 171 181 181 173 174 178 175 175 178 169 169 168 173 171 169 172 171 160 154 141 136 131 128 117 116 119 114 113 113 116 110 115 111 116 119 110 113 120 117 120 115 119 117 117 121 123 119 123 123 121 121 119 121 127 123 127 133 131 144 141 152 161 157 160 154 151 151 151 151 146 146 142 145 144 135 134 133 131 138 134 127 125 125 123 125 123 121 116 116 110 110 108 105 113 112 115 160 144 61 0 0 0 0 0 0 0 0 0 0 0 0 0 0 0 0 
0 0 0 0 0 0 0 0 0 0 0 0 0 0 0 0 28 117 169 209 243 223 180 172 164 161 156 155 153 152 154 156 157 159 157 156 157 159 155 154 157 158 160 161 163 161 165 167 172 179 180 178 178 173 175 175 170 169 169 173 174 175 172 174 176 174 171 172 177 177 177 177 176 169 176 173 175 173 168 172 169 179 168 154 145 138 134 131 116 117 120 115 117 113 115 115 113 111 118 118 114 116 120 122 117 119 116 117 118 122 120 121 121 115 118 122 123 120 125 126 129 128 131 136 146 161 156 162 157 157 155 155 151 150 151 148 144 141 138 138 137 137 136 134 130 128 126 125 127 126 118 118 117 116 118 113 112 104 110 111 127 157 117 28 0 0 0 0 0 0 0 0 0 0 0 0 0 0 0 0 
0 0 0 0 0 0 0 0 0 0 0 0 0 0 0 0 0 85 160 198 235 250 189 173 166 160 154 154 157 154 153 155 155 152 155 157 154 153 157 157 157 160 160 161 163 163 159 169 176 178 180 173 173 176 177 175 174 179 176 178 167 167 174 170 171 178 178 177 177 174 176 173 177 177 176 175 171 171 172 179 179 175 176 163 149 144 139 132 117 120 117 116 119 114 115 115 116 113 116 120 119 116 118 125 122 113 120 118 116 123 122 119 118 121 120 116 123 126 119 119 130 133 140 140 150 161 161 156 154 154 155 154 155 152 150 149 146 142 143 139 136 135 130 126 127 125 123 123 123 118 119 122 114 116 111 110 110 109 111 118 150 160 85 0 0 0 0 0 0 0 0 0 0 0 0 0 0 0 0 0 
0 0 0 0 0 0 0 0 0 0 0 0 0 0 0 0 0 59 134 190 227 251 195 178 166 163 155 154 160 154 153 155 156 156 152 154 156 155 155 160 162 158 161 161 159 161 166 167 176 176 175 175 173 176 171 175 177 178 174 171 176 177 177 174 176 179 172 176 182 174 173 181 174 174 184 176 173 174 175 180 177 174 178 174 160 148 143 130 126 114 118 119 113 121 118 118 116 120 110 120 124 115 120 118 121 125 117 117 120 113 115 121 121 122 124 121 119 124 125 126 128 132 140 145 150 156 160 159 158 152 152 156 154 152 150 149 145 143 141 142 139 134 127 128 129 126 126 125 125 122 121 125 120 111 109 106 110 111 111 122 167 134 59 0 0 0 0 0 0 0 0 0 0 0 0 0 0 0 0 0 
0 0 0 0 0 0 0 0 0 0 0 0 0 0 0 0 0 24 113 171 213 245 213 178 170 160 158 155 158 159 159 158 158 157 154 155 160 161 157 162 164 161 156 157 164 164 165 168 167 172 182 175 179 170 174 172 179 174 171 178 178 175 169 181 176 174 180 178 177 179 178 177 175 174 176 175 180 175 178 177 180 176 181 178 169 156 143 144 127 123 118 116 125 119 118 119 118 120 117 124 118 126 119 119 120 118 112 116 121 122 117 117 116 120 121 120 125 120 124 127 130 138 141 152 153 164 154 163 160 161 150 151 154 152 149 144 140 140 142 144 143 137 139 138 129 127 130 126 124 125 122 120 116 117 110 111 108 110 114 134 161 113 24 0 0 0 0 0 0 0 0 0 0 0 0 0 0 0 0 0 
0 0 0 0 0 0 0 0 0 0 0 0 0 0 0 0 0 0 78 151 203 239 244 188 173 169 162 159 159 155 157 159 158 155 160 159 162 158 160 162 163 166 166 160 164 166 164 163 170 178 180 177 171 175 176 178 175 174 175 175 173 172 176 177 174 176 178 176 176 179 176 176 179 178 181 181 178 181 175 177 174 177 181 182 179 161 147 142 132 123 120 117 118 119 120 120 120 120 119 120 126 119 126 117 120 120 119 117 116 120 115 116 124 121 118 124 123 122 124 129 131 135 142 148 161 165 163 156 160 162 160 154 150 151 151 147 145 147 145 143 142 138 136 138 133 135 126 127 127 123 122 117 116 117 115 113 111 116 115 148 151 79 0 0 0 0 0 0 0 0 0 0 0 0 0 0 0 0 0 0 
0 0 0 0 0 0 0 0 0 0 0 0 0 0 0 0 0 0 51 133 186 223 250 199 182 169 161 163 155 156 156 153 158 154 154 160 155 157 159 160 163 159 161 164 165 166 168 166 171 177 179 172 175 173 172 175 174 174 173 173 180 177 176 177 178 178 173 183 179 178 173 181 178 180 175 181 180 178 175 174 178 179 182 177 181 171 160 145 138 126 120 120 120 125 119 123 117 121 119 123 118 125 121 122 120 119 116 118 117 112 119 117 120 116 119 120 124 126 122 131 130 134 138 147 162 160 162 161 154 161 161 159 155 153 150 148 148 144 141 142 139 138 134 137 134 127 130 126 123 122 117 118 122 113 114 119 115 112 122 167 133 51 0 0 0 0 0 0 0 0 0 0 0 0 0 0 0 0 0 0 
0 0 0 0 0 0 0 0 0 0 0 0 0 0 0 0 0 0 14 115 172 212 251 219 178 170 163 158 153 157 154 157 154 162 154 162 160 161 162 159 161 160 161 167 166 165 166 167 172 169 174 171 174 177 176 172 178 177 173 179 176 176 176 176 179 175 177 181 178 177 180 181 180 180 174 181 175 185 171 181 180 185 180 181 179 178 167 152 139 138 123 120 125 125 121 120 117 119 125 120 123 117 121 120 124 117 120 118 120 123 111 120 123 114 124 121 117 128 130 130 138 140 143 148 163 166 163 159 158 154 156 160 158 150 147 149 150 143 141 142 139 141 141 132 134 128 131 126 124 120 121 116 116 117 115 116 115 118 141 168 115 14 0 0 0 0 0 0 0 0 0 0 0 0 0 0 0 0 0 0 
0 0 0 0 0 0 0 0 0 0 0 0 0 0 0 0 0 0 0 81 150 200 240 241 185 177 170 166 159 159 155 155 153 155 154 157 155 162 164 164 158 165 163 168 166 168 167 170 170 170 174 172 181 170 176 179 172 176 177 176 176 180 174 179 182 177 182 174 176 185 177 183 178 175 186 177 185 177 182 181 182 183 182 184 187 187 174 163 141 136 128 124 127 122 129 129 120 130 121 127 120 120 119 122 116 121 112 122 118 115 120 112 118 122 116 122 123 120 133 132 129 136 149 146 164 168 161 167 160 159 155 156 159 153 151 148 150 148 147 139 142 141 142 128 133 128 132 127 127 124 125 119 119 120 114 114 117 121 155 150 81 0 0 0 0 0 0 0 0 0 0 0 0 0 0 0 0 0 0 0 
0 0 0 0 0 0 0 0 0 0 0 0 0 0 0 0 0 0 0 34 139 188 225 249 195 177 168 161 155 157 157 156 153 158 161 158 159 160 164 165 161 162 164 168 166 167 170 171 171 166 175 173 170 174 176 173 179 173 177 179 174 179 180 179 178 180 186 178 179 179 181 181 180 182 180 180 180 182 181 183 181 184 185 184 187 186 181 167 149 138 132 126 129 128 128 127 129 125 131 123 123 120 117 120 117 112 116 114 118 110 112 117 115 124 121 116 126 128 128 134 135 138 147 157 160 163 168 161 164 165 152 157 160 153 150 148 150 149 144 143 144 141 136 137 129 134 129 123 125 125 122 117 118 121 119 119 112 124 171 140 34 0 0 0 0 0 0 0 0 0 0 0 0 0 0 0 0 0 0 0 
0 0 0 0 0 0 0 0 0 0 0 0 0 0 0 0 0 0 0 15 113 174 216 246 212 183 174 167 162 160 159 159 159 155 159 160 158 157 161 165 166 162 163 169 169 166 167 174 167 173 173 170 174 172 177 175 173 175 177 180 174 183 179 177 180 178 181 180 180 182 181 181 183 180 182 178 184 181 186 181 184 184 187 186 185 186 185 179 162 146 137 133 129 131 129 127 130 132 130 129 122 124 121 116 115 116 113 119 114 113 118 113 123 115 119 123 122 128 133 126 140 138 141 161 168 165 164 164 161 162 162 150 157 157 148 151 151 149 144 147 145 141 133 134 135 133 127 128 123 120 120 120 119 119 120 120 123 139 166 113 15 0 0 0 0 0 0 0 0 0 0 0 0 0 0 0 0 0 0 0 
0 0 0 0 0 0 0 0 0 0 0 0 0 0 0 0 0 0 0 0 68 157 202 243 230 184 171 166 164 166 160 157 157 161 159 161 157 156 164 164 165 165 162 169 170 167 167 167 172 169 171 168 169 178 173 174 173 179 174 178 175 178 176 183 182 182 180 181 183 180 183 183 184 181 182 183 183 181 184 182 186 185 190 185 186 185 188 185 173 156 148 137 137 129 127 129 127 138 123 131 119 124 118 119 117 115 117 115 121 116 117 119 116 123 121 122 133 120 132 127 133 142 148 153 172 166 166 164 159 160 162 155 149 154 150 152 151 148 146 145 143 146 131 134 136 131 132 126 124 122 124 118 114 114 116 121 122 156 158 69 0 0 0 0 0 0 0 0 0 0 0 0 0 0 0 0 0 0 0 0 
0 0 0 0 0 0 0 0 0 0 0 0 0 0 0 0 0 0 0 0 25 138 190 229 248 191 174 166 164 165 161 160 154 157 159 163 167 156 163 165 161 164 165 174 165 170 169 172 166 176 173 166 167 170 174 178 172 175 174 181 173 180 181 173 181 182 180 185 180 184 186 185 182 183 183 184 182 182 185 187 182 192 185 194 183 187 187 186 182 166 151 143 137 134 127 134 137 131 137 126 126 118 121 118 119 117 115 118 115 118 113 115 117 112 126 119 125 128 127 134 137 136 151 158 171 166 162 164 164 162 166 152 154 154 154 149 156 150 143 142 145 142 132 140 137 131 130 122 127 127 122 119 120 120 118 123 130 172 138 25 0 0 0 0 0 0 0 0 0 0 0 0 0 0 0 0 0 0 0 0 
0 0 0 0 0 0 0 0 0 0 0 0 0 0 0 0 0 0 0 0 5 105 170 222 253 204 178 176 168 160 159 162 168 156 162 161 167 158 163 162 166 163 164 170 167 165 172 167 173 173 173 167 171 168 173 173 176 176 180 179 173 184 177 181 182 176 186 174 188 176 185 183 186 183 184 183 186 183 185 185 189 189 186 193 188 185 190 187 186 168 156 147 138 136 132 133 141 128 132 129 119 122 117 124 116 116 113 118 119 118 112 121 108 124 119 127 125 129 132 125 141 139 150 169 166 170 164 169 161 161 162 158 151 158 152 152 155 148 143 146 145 140 135 140 135 134 125 136 126 122 124 117 129 116 117 127 153 168 105 5 0 0 0 0 0 0 0 0 0 0 0 0 0 0 0 0 0 0 0 0 
0 0 0 0 0 0 0 0 0 0 0 0 0 0 0 0 0 0 0 0 0 59 154 208 249 220 186 172 166 165 157 157 157 166 160 160 162 166 163 162 171 164 168 166 170 166 172 173 173 172 170 171 164 169 176 170 172 173 178 178 180 178 179 180 182 180 181 189 179 189 178 189 181 186 183 184 185 187 185 187 190 183 193 192 192 191 194 191 191 181 168 161 141 141 139 136 142 136 128 129 126 117 125 116 119 114 120 115 119 113 118 112 119 119 121 119 123 119 134 132 138 140 146 170 168 175 169 165 170 153 161 160 158 158 152 154 151 149 144 150 143 141 143 137 134 130 136 128 129 120 127 119 117 126 121 129 165 154 59 0 0 0 0 0 0 0 0 0 0 0 0 0 0 0 0 0 0 0 0 0 
0 0 0 0 0 0 0 0 0 0 0 0 0 0 0 0 0 0 0 0 0 30 129 186 238 236 184 169 172 158 166 154 157 164 157 158 155 167 167 163 165 165 168 167 166 171 169 172 172 174 178 169 164 170 175 173 177 174 175 177 176 180 180 181 186 182 184 181 186 183 181 184 192 182 191 187 185 188 185 186 189 187 191 191 197 196 190 198 195 187 174 170 150 147 144 146 135 142 123 134 121 118 119 122 119 123 115 122 113 112 113 114 120 122 121 126 121 126 131 129 140 142 150 174 171 177 166 161 169 161 157 162 158 158 153 145 156 148 144 149 140 144 144 131 131 131 137 126 121 130 118 126 119 122 112 136 174 130 31 0 0 0 0 0 0 0 0 0 0 0 0 0 0 0 0 0 0 0 0 0 
0 0 0 0 0 0 0 0 0 0 0 0 0 0 0 0 0 0 0 0 0 5 103 174 230 249 206 176 170 163 158 166 159 154 164 164 155 161 170 161 167 171 164 169 170 170 174 173 169 175 177 167 168 165 166 176 174 175 178 175 184 179 180 181 179 184 183 180 183 186 187 186 193 186 193 184 189 185 187 197 188 198 193 194 196 192 193 192 195 190 189 167 158 144 150 144 140 134 141 124 133 122 119 122 119 118 117 115 121 113 122 115 119 116 124 115 123 129 127 136 135 144 152 171 174 167 171 164 163 163 159 157 160 164 151 150 154 144 152 150 138 147 143 131 136 136 125 127 132 122 124 120 118 130 126 165 169 104 5 0 0 0 0 0 0 0 0 0 0 0 0 0 0 0 0 0 0 0 0 0 
0 0 0 0 0 0 0 0 0 0 0 0 0 0 0 0 0 0 0 0 0 0 59 161 220 244 208 178 172 169 155 158 165 161 161 161 158 162 163 167 167 167 165 169 171 171 172 172 176 174 175 170 172 163 169 175 171 178 170 179 174 182 180 181 181 185 186 181 189 184 190 189 185 187 186 192 189 191 191 191 191 190 191 195 199 192 191 194 194 191 189 176 164 156 147 151 140 136 135 130 126 125 120 121 121 119 114 115 112 119 115 124 117 120 119 122 120 131 126 132 134 145 159 172 179 169 171 168 164 162 165 164 156 162 155 152 149 146 151 147 144 146 137 134 140 130 131 132 123 123 127 123 126 125 129 160 161 59 0 0 0 0 0 0 0 0 0 0 0 0 0 0 0 0 0 0 0 0 0 0 
0 0 0 0 0 0 0 0 0 0 0 0 0 0 0 0 0 0 0 0 0 0 19 136 188 240 234 173 177 174 167 155 157 159 162 165 161 159 163 167 169 166 165 168 170 172 173 173 176 172 177 174 168 171 169 168 174 173 179 178 172 181 175 187 175 185 180 184 185 182 186 187 186 186 185 191 189 189 191 190 194 190 193 198 199 198 196 201 202 196 195 192 179 163 160 152 146 137 134 132 126 123 124 120 120 115 116 115 116 119 113 116 119 116 121 117 129 123 128 129 138 146 161 173 176 172 172 166 167 161 162 164 155 161 154 159 148 145 153 147 147 143 137 142 139 132 133 127 120 132 132 118 120 126 140 172 136 19 0 0 0 0 0 0 0 0 0 0 0 0 0 0 0 0 0 0 0 0 0 0 
0 0 0 0 0 0 0 0 0 0 0 0 0 0 0 0 0 0 0 0 0 0 7 103 174 224 239 194 177 166 155 160 162 163 165 161 163 163 161 166 164 167 169 169 170 169 173 176 175 175 181 173 170 166 164 175 168 173 175 180 182 178 182 184 181 185 186 189 185 192 186 194 190 183 192 184 197 189 192 187 192 193 195 202 195 200 194 199 197 199 202 199 183 171 163 152 149 138 130 137 123 124 119 123 119 117 111 113 123 119 125 114 121 117 124 121 125 121 129 135 142 148 161 172 181 172 171 165 170 163 163 161 160 159 154 157 149 153 148 143 148 139 142 140 138 141 128 131 126 122 118 120 126 121 151 172 104 7 0 0 0 0 0 0 0 0 0 0 0 0 0 0 0 0 0 0 0 0 0 0 
0 0 0 0 0 0 0 0 0 0 0 0 0 0 0 0 0 0 0 0 0 0 0 64 162 219 250 206 175 173 164 162 163 164 161 165 164 167 162 162 166 166 168 170 171 168 180 171 177 176 176 175 174 167 171 165 174 169 176 172 179 181 182 180 183 179 189 179 187 188 188 183 187 186 190 197 188 193 189 198 187 195 198 198 201 194 202 199 202 200 199 203 196 186 168 155 149 144 136 129 130 119 119 122 119 122 115 116 120 119 119 120 112 121 116 119 122 124 135 133 137 146 160 177 178 171 172 171 167 163 164 163 161 163 156 161 154 153 142 151 141 141 146 141 144 134 131 135 127 125 133 124 129 134 175 162 64 0 0 0 0 0 0 0 0 0 0 0 0 0 0 0 0 0 0 0 0 0 0 0 
0 0 0 0 0 0 0 0 0 0 0 0 0 0 0 0 0 0 0 0 0 0 0 34 139 203 245 220 184 166 163 166 163 161 158 162 165 166 168 168 166 165 173 167 173 178 177 172 181 175 177 177 169 175 166 166 172 169 177 174 179 174 180 178 181 181 183 189 187 187 186 188 186 189 188 198 189 187 191 192 197 191 200 196 199 203 202 204 202 206 207 204 210 187 172 160 149 150 136 130 131 122 120 117 126 117 113 119 112 118 117 118 119 122 116 125 118 125 127 132 137 149 164 179 177 172 175 166 167 162 166 163 161 162 162 155 155 151 150 146 147 149 140 146 137 131 136 123 129 121 124 128 132 143 183 140 34 0 0 0 0 0 0 0 0 0 0 0 0 0 0 0 0 0 0 0 0 0 0 0 
0 0 0 0 0 0 0 0 0 0 0 0 0 0 0 0 0 0 0 0 0 0 0 10 112 189 239 232 180 179 164 160 161 163 162 156 165 162 164 167 170 165 167 168 171 176 171 176 173 175 185 175 174 168 170 163 168 163 172 173 178 173 187 182 185 186 182 191 181 188 187 188 192 190 192 188 193 194 198 190 191 200 195 203 201 198 207 201 205 200 206 213 214 199 176 165 160 144 141 128 125 130 123 122 120 117 120 118 120 114 111 111 119 115 118 123 124 130 131 134 142 149 161 173 176 170 173 167 170 167 165 160 162 156 163 150 156 153 150 145 152 140 143 141 133 140 130 133 125 124 136 124 129 156 186 112 10 0 0 0 0 0 0 0 0 0 0 0 0 0 0 0 0 0 0 0 0 0 0 0 
0 0 0 0 0 0 0 0 0 0 0 0 0 0 0 0 0 0 0 0 0 0 0 1 79 171 223 246 193 174 165 164 163 163 163 164 158 166 158 167 162 171 163 171 169 170 170 177 166 183 173 185 174 178 168 164 172 163 174 176 180 176 183 182 181 186 183 184 188 188 189 189 191 185 193 189 191 198 192 201 198 194 206 200 200 204 202 209 205 208 211 210 223 202 186 173 156 149 142 134 137 126 126 121 117 122 119 120 119 113 114 119 116 114 118 120 120 132 128 139 141 147 163 180 174 169 177 167 172 166 170 162 161 158 157 155 153 151 150 146 141 143 141 136 143 134 140 122 131 132 123 132 137 171 172 79 1 0 0 0 0 0 0 0 0 0 0 0 0 0 0 0 0 0 0 0 0 0 0 0 
0 0 0 0 0 0 0 0 0 0 0 0 0 0 0 0 0 0 0 0 0 0 0 0 44 144 213 250 199 178 179 165 163 162 164 158 165 156 160 160 172 159 172 172 171 168 182 171 177 178 180 182 174 178 169 167 167 160 171 168 179 172 178 184 177 185 183 184 187 182 186 188 187 191 189 193 191 195 197 194 202 195 198 207 205 207 209 205 208 207 211 224 218 212 193 174 165 143 139 140 131 124 129 123 124 125 119 120 119 113 117 114 118 116 119 118 126 128 130 138 142 148 162 179 174 174 179 170 170 168 165 162 160 168 157 160 154 156 149 157 141 145 138 145 132 142 133 134 127 138 135 122 140 190 144 45 0 0 0 0 0 0 0 0 0 0 0 0 0 0 0 0 0 0 0 0 0 0 0 0 
0 0 0 0 0 0 0 0 0 0 0 0 0 0 0 0 0 0 0 0 0 0 0 0 19 130 203 240 214 182 167 167 161 164 162 170 160 163 160 167 165 166 175 168 172 173 176 178 176 176 181 183 174 172 164 171 167 168 170 171 178 175 175 181 178 183 183 181 188 184 183 192 185 193 189 191 196 192 196 199 196 203 197 199 212 205 206 214 206 219 219 220 223 216 193 178 163 151 148 139 130 134 123 125 127 120 123 116 115 112 117 120 111 117 123 117 125 125 126 141 138 149 163 178 185 170 176 167 171 169 166 167 167 163 158 157 156 156 153 147 152 138 147 135 149 131 141 127 135 125 132 135 151 195 131 19 0 0 0 0 0 0 0 0 0 0 0 0 0 0 0 0 0 0 0 0 0 0 0 0 
0 0 0 0 0 0 0 0 0 0 0 0 0 0 0 0 0 0 0 0 0 0 0 0 5 99 181 235 237 180 170 171 162 163 165 166 165 154 169 169 157 172 168 168 172 174 178 173 179 176 178 180 176 177 170 172 166 161 167 166 176 174 176 182 184 178 184 187 190 186 185 190 192 189 194 192 198 197 194 200 201 197 204 200 203 214 205 208 211 214 219 225 222 217 205 182 165 162 140 143 140 128 127 134 128 121 121 117 118 117 113 125 116 114 121 123 120 126 126 142 143 145 163 179 178 175 170 176 167 174 164 168 162 165 163 155 159 154 153 146 149 151 135 150 140 142 139 138 131 136 129 140 171 181 99 5 0 0 0 0 0 0 0 0 0 0 0 0 0 0 0 0 0 0 0 0 0 0 0 0 
0 0 0 0 0 0 0 0 0 0 0 0 0 0 0 0 0 0 0 0 0 0 0 0 1 66 168 230 235 192 172 171 151 167 162 163 157 166 169 162 165 170 168 172 167 174 174 177 177 171 188 177 183 174 168 172 166 164 173 162 171 178 177 182 179 180 183 182 187 187 187 194 190 186 197 197 194 197 197 198 203 200 197 208 208 213 214 219 214 223 229 222 230 226 208 188 172 154 148 142 132 133 136 128 129 130 115 117 126 120 113 118 120 114 117 120 126 126 136 137 134 151 161 179 177 176 178 173 175 170 165 162 171 161 161 156 158 156 153 143 151 146 150 137 143 139 140 129 137 130 146 131 196 168 66 1 0 0 0 0 0 0 0 0 0 0 0 0 0 0 0 0 0 0 0 0 0 0 0 0 
0 0 0 0 0 0 0 0 0 0 0 0 0 0 0 0 0 0 0 0 0 0 0 0 0 46 147 211 252 199 178 171 165 161 165 158 162 166 163 163 172 169 164 174 171 173 176 178 172 183 176 184 187 174 175 177 165 171 164 162 170 173 178 183 178 180 184 185 183 192 188 190 194 188 191 200 194 193 200 199 199 205 200 200 211 215 210 221 215 222 226 228 231 226 217 192 168 163 152 143 140 135 129 127 133 118 119 122 119 119 118 112 121 116 121 119 132 130 126 140 133 150 169 175 184 181 172 177 171 171 169 166 165 170 158 160 156 156 152 156 150 147 144 144 137 141 136 133 137 136 138 152 197 148 46 0 0 0 0 0 0 0 0 0 0 0 0 0 0 0 0 0 0 0 0 0 0 0 0 0 
0 0 0 0 0 0 0 0 0 0 0 0 0 0 0 0 0 0 0 0 0 0 0 0 0 16 131 194 245 200 178 167 169 169 160 166 161 171 161 168 168 165 173 174 173 173 174 171 183 174 179 186 181 177 177 173 167 170 164 170 174 168 172 183 177 180 188 184 183 188 191 192 191 191 191 194 196 201 196 201 204 203 204 207 212 214 215 218 220 231 228 226 233 228 218 194 177 161 155 151 142 135 137 127 127 121 126 123 119 124 124 114 121 129 119 122 127 126 125 138 145 144 161 184 179 178 174 170 179 167 169 170 165 166 164 157 161 155 157 146 151 150 152 142 144 139 137 143 136 139 134 162 190 131 16 0 0 0 0 0 0 0 0 0 0 0 0 0 0 0 0 0 0 0 0 0 0 0 0 0 
0 0 0 0 0 0 0 0 0 0 0 0 0 0 0 0 0 0 0 0 0 0 0 0 0 7 105 187 238 217 166 179 158 172 157 154 173 160 163 174 159 172 167 170 171 171 171 182 173 178 185 180 182 180 173 169 172 167 165 164 168 164 173 177 175 177 189 181 181 185 188 192 189 195 195 201 203 194 197 198 199 203 206 209 209 210 213 217 225 234 238 230 229 224 217 193 177 170 159 152 139 139 131 134 135 130 122 118 121 122 123 116 121 128 122 116 125 126 126 128 138 148 151 181 183 175 179 175 170 180 164 167 172 160 160 160 162 153 162 148 151 148 143 145 134 137 146 135 140 130 139 172 187 105 7 0 0 0 0 0 0 0 0 0 0 0 0 0 0 0 0 0 0 0 0 0 0 0 0 0 
0 0 0 0 0 0 0 0 0 0 0 0 0 0 0 0 0 0 0 0 0 0 0 0 0 1 75 178 227 226 165 175 169 160 163 160 165 162 169 158 171 163 166 180 170 172 177 174 176 185 181 181 185 182 173 175 173 164 167 170 163 161 169 174 174 174 188 183 180 182 190 187 187 195 191 194 195 200 196 196 201 201 205 209 218 214 217 223 234 236 237 232 229 230 221 199 183 171 165 164 143 133 130 134 130 127 126 122 118 123 121 117 119 127 122 125 119 125 129 135 141 148 158 176 181 182 173 179 177 168 180 163 165 173 157 163 162 159 147 157 143 151 147 145 142 144 137 136 146 127 152 186 178 75 1 0 0 0 0 0 0 0 0 0 0 0 0 0 0 0 0 0 0 0 0 0 0 0 0 0 
0 0 0 0 0 0 0 0 0 0 0 0 0 0 0 0 0 0 0 0 0 0 0 0 0 0 48 164 221 238 184 161 175 159 156 164 158 158 174 155 166 172 169 170 169 179 175 174 185 177 179 185 184 182 180 175 167 173 170 165 165 168 171 166 174 181 186 181 182 187 198 190 188 193 192 193 197 203 198 197 201 208 209 209 214 224 221 228 233 240 237 229 231 233 229 199 185 181 172 158 144 140 139 133 130 129 123 120 125 130 125 121 120 123 123 125 121 129 136 136 134 145 160 176 179 182 181 176 173 175 163 179 170 160 165 154 166 157 162 152 148 157 148 142 141 140 136 149 136 135 165 196 164 48 0 0 0 0 0 0 0 0 0 0 0 0 0 0 0 0 0 0 0 0 0 0 0 0 0 0 
0 0 0 0 0 0 0 0 0 0 0 0 0 0 0 0 0 0 0 0 0 0 0 0 0 0 24 150 210 232 196 169 165 165 163 163 159 166 156 169 165 168 165 176 170 172 173 181 176 177 194 178 181 186 182 171 172 168 173 162 165 169 167 164 174 181 182 180 181 183 193 192 188 187 194 194 198 198 206 200 201 201 210 208 216 214 227 231 237 242 242 235 233 235 223 201 187 180 164 162 150 141 136 138 131 128 122 122 126 128 127 120 122 120 124 124 125 124 130 134 136 142 152 174 184 177 182 178 172 181 175 170 169 170 157 166 159 151 159 147 158 145 149 147 140 145 138 139 145 149 160 199 150 25 0 0 0 0 0 0 0 0 0 0 0 0 0 0 0 0 0 0 0 0 0 0 0 0 0 0 
0 0 0 0 0 0 0 0 0 0 0 0 0 0 0 0 0 0 0 0 0 0 0 0 0 0 15 124 203 237 195 175 162 150 171 154 160 171 163 160 164 170 168 174 167 176 181 175 177 192 179 181 190 189 182 172 175 173 167 170 170 171 163 165 173 184 179 179 180 181 188 192 188 187 194 191 192 198 206 201 204 202 203 212 214 218 228 241 238 241 240 238 245 235 228 206 188 177 169 159 155 156 138 133 129 126 124 124 128 129 124 126 121 124 127 129 126 127 135 133 147 147 150 169 183 185 175 179 179 173 175 170 170 166 169 153 161 162 148 156 143 156 152 148 141 141 133 139 143 152 174 198 124 15 0 0 0 0 0 0 0 0 0 0 0 0 0 0 0 0 0 0 0 0 0 0 0 0 0 0 
0 0 0 0 0 0 0 0 0 0 0 0 0 0 0 0 0 0 0 0 0 0 0 0 0 0 6 99 192 237 190 176 160 160 156 151 164 157 167 161 165 163 169 169 169 170 170 184 183 174 176 188 184 184 184 182 176 164 166 170 175 166 163 163 167 181 180 176 179 181 185 186 191 192 194 192 196 195 196 207 204 213 209 211 214 219 229 236 239 240 241 238 234 234 230 206 191 180 178 163 157 151 143 137 133 135 131 131 126 126 127 126 119 125 126 127 129 128 130 145 138 144 149 162 188 183 182 176 180 176 171 170 172 167 155 167 164 152 160 151 154 154 144 148 140 136 143 137 146 143 182 191 99 6 0 0 0 0 0 0 0 0 0 0 0 0 0 0 0 0 0 0 0 0 0 0 0 0 0 0 
0 0 0 0 0 0 0 0 0 0 0 0 0 0 0 0 0 0 0 0 0 0 0 0 0 0 1 77 186 237 201 182 162 164 149 161 155 163 158 162 172 163 164 174 172 167 175 177 172 186 186 184 179 182 193 183 172 167 169 173 168 162 165 162 171 173 179 177 178 185 181 184 189 196 199 194 191 194 198 197 204 204 211 213 222 225 237 238 239 239 242 238 234 239 229 211 191 180 170 167 159 154 143 136 134 139 138 129 128 128 127 121 122 126 126 125 125 134 131 131 138 144 151 163 184 183 178 177 179 178 181 169 163 166 166 161 160 162 152 158 152 144 154 137 149 133 143 140 155 152 198 186 77 2 0 0 0 0 0 0 0 0 0 0 0 0 0 0 0 0 0 0 0 0 0 0 0 0 0 0 
0 0 0 0 0 0 0 0 0 0 0 0 0 0 0 0 0 0 0 0 0 0 0 0 0 0 0 62 173 232 212 169 171 159 154 160 152 159 161 163 162 166 168 165 172 185 178 171 175 184 177 180 187 187 190 175 171 168 172 170 169 165 160 168 170 169 176 179 176 178 183 183 185 190 197 196 201 197 201 199 204 206 212 211 219 230 238 241 242 243 242 241 239 241 229 206 190 186 174 167 163 158 148 149 138 134 132 130 129 133 125 126 125 127 127 132 130 129 135 137 141 143 149 157 171 183 182 182 182 175 172 169 173 167 172 165 159 154 160 155 146 161 144 142 144 142 139 144 145 164 204 173 62 0 0 0 0 0 0 0 0 0 0 0 0 0 0 0 0 0 0 0 0 0 0 0 0 0 0 0 
0 0 0 0 0 0 0 0 0 0 0 0 0 0 0 0 0 0 0 0 0 0 0 0 0 0 0 45 164 228 218 166 170 155 158 154 151 163 170 155 166 166 166 171 178 168 171 177 183 180 177 182 189 187 189 178 172 172 173 170 166 163 163 161 166 168 169 173 179 181 181 181 184 190 187 193 197 201 201 202 209 208 206 214 218 231 239 239 241 243 242 242 242 245 224 202 190 185 180 175 163 156 155 148 138 135 138 133 131 128 130 128 126 126 130 129 129 130 133 133 140 142 147 157 172 189 178 179 176 174 181 174 171 167 164 165 164 162 155 151 152 151 145 150 136 150 135 156 140 172 207 164 45 0 0 0 0 0 0 0 0 0 0 0 0 0 0 0 0 0 0 0 0 0 0 0 0 0 0 0 
0 0 0 0 0 0 0 0 0 0 0 0 0 0 0 0 0 0 0 0 0 0 0 0 0 0 0 33 156 225 214 169 168 156 160 158 154 155 167 166 157 159 178 170 166 170 185 183 179 175 177 184 187 191 187 181 170 173 172 169 169 165 168 160 161 163 166 173 176 181 183 182 183 183 188 188 196 202 201 202 203 209 212 217 223 235 241 244 245 245 247 250 246 240 218 199 193 186 179 169 166 161 158 151 142 139 132 133 133 129 133 128 127 127 126 127 128 138 133 144 140 142 148 153 164 185 188 179 179 177 176 179 170 167 166 167 167 161 154 152 156 156 148 141 150 144 146 146 148 169 214 156 33 0 0 0 0 0 0 0 0 0 0 0 0 0 0 0 0 0 0 0 0 0 0 0 0 0 0 0 
0 0 0 0 0 0 0 0 0 0 0 0 0 0 0 0 0 0 0 0 0 0 0 0 0 0 0 25 146 223 210 178 161 151 171 149 156 164 156 153 166 176 158 164 172 179 180 173 173 172 184 186 188 190 185 182 177 169 173 168 164 166 163 162 160 165 163 169 172 175 180 183 186 189 189 193 195 192 196 200 205 212 215 219 225 238 240 243 244 247 249 248 245 239 215 200 193 191 179 174 169 161 156 153 150 141 138 138 134 130 129 129 129 131 136 131 132 132 137 140 139 141 146 150 159 181 191 186 179 179 172 168 169 177 170 166 163 158 164 154 154 154 146 146 150 141 148 137 161 169 216 146 25 0 0 0 0 0 0 0 0 0 0 0 0 0 0 0 0 0 0 0 0 0 0 0 0 0 0 0 
0 0 0 0 0 0 0 0 0 0 0 0 0 0 0 0 0 0 0 0 0 0 0 0 0 0 0 16 136 219 212 183 160 152 158 167 149 150 164 175 164 159 162 170 175 178 172 174 178 184 184 181 184 187 185 187 180 175 173 171 168 168 165 164 160 157 158 160 169 174 176 187 184 186 190 190 194 197 198 202 206 213 213 220 230 241 239 241 245 253 253 245 243 236 216 204 195 188 181 176 172 167 164 158 151 141 139 136 140 131 131 130 129 128 129 133 137 137 139 137 141 141 144 151 163 175 188 185 180 172 173 170 171 172 178 175 158 156 152 164 168 153 143 142 150 146 145 144 164 177 217 136 16 0 0 0 0 0 0 0 0 0 0 0 0 0 0 0 0 0 0 0 0 0 0 0 0 0 0 0 
0 0 0 0 0 0 0 0 0 0 0 0 0 0 0 0 0 0 0 0 0 0 0 0 0 0 0 15 129 204 228 174 154 163 146 150 170 158 155 155 160 170 172 170 168 164 170 181 184 184 186 188 188 186 184 182 177 171 176 171 168 166 167 165 170 164 163 162 168 174 176 176 181 183 187 190 191 195 198 199 205 211 217 224 233 239 240 247 250 249 248 247 244 236 214 205 196 190 183 176 169 167 161 155 155 148 136 135 131 134 132 133 134 135 134 141 136 136 140 146 143 145 144 150 153 170 185 189 183 181 180 174 174 170 163 169 167 164 154 153 156 155 158 148 147 149 148 141 159 200 202 129 15 0 0 0 0 0 0 0 0 0 0 0 0 0 0 0 0 0 0 0 0 0 0 0 0 0 0 0 
0 0 0 0 0 0 0 0 0 0 0 0 0 0 0 0 0 0 0 0 0 0 0 0 0 0 0 9 122 202 232 175 144 159 168 163 141 141 164 168 169 177 170 163 160 163 173 175 182 185 186 187 190 190 185 184 187 170 171 168 165 162 162 163 162 161 164 164 163 169 175 177 180 183 187 187 190 193 195 200 204 211 217 224 240 240 241 248 250 248 247 244 247 229 213 204 194 185 182 177 173 168 162 159 154 150 146 140 140 140 138 138 138 138 134 134 136 138 135 136 137 140 143 153 153 166 184 185 184 186 184 182 168 165 162 160 162 165 169 164 162 154 141 140 153 162 148 144 153 210 202 122 9 0 0 0 0 0 0 0 0 0 0 0 0 0 0 0 0 0 0 0 0 0 0 0 0 0 0 0 
0 0 0 0 0 0 0 0 0 0 0 0 0 0 0 0 0 0 0 0 0 0 0 0 0 0 0 4 128 183 221 186 171 148 136 150 155 159 165 167 168 157 156 164 168 171 172 175 177 180 181 187 189 190 192 194 186 178 173 172 166 162 162 161 162 160 161 162 160 165 168 173 177 181 183 189 190 193 198 201 206 214 219 225 238 241 248 248 249 248 246 247 248 227 211 201 195 194 186 178 175 172 168 164 159 153 149 140 138 137 137 135 138 136 137 135 134 134 136 136 138 142 145 149 159 164 184 190 187 181 180 176 175 172 165 160 164 156 154 160 166 165 159 153 138 135 136 172 171 205 183 128 4 0 0 0 0 0 0 0 0 0 0 0 0 0 0 0 0 0 0 0 0 0 0 0 0 0 0 0 
0 0 0 0 0 0 0 0 0 0 0 0 0 0 0 0 0 0 0 0 0 0 0 0 0 0 0 0 124 197 222 158 160 153 152 153 163 165 155 156 157 162 164 165 169 170 173 176 177 179 182 183 185 186 188 190 190 186 177 171 169 161 161 159 160 162 163 159 162 161 166 172 176 180 184 184 190 192 196 201 205 211 220 229 238 241 248 251 248 246 248 249 248 223 206 201 195 191 185 180 175 172 168 163 158 158 152 146 141 140 136 137 134 135 134 134 134 135 134 144 147 149 152 152 155 161 175 186 183 181 179 177 175 174 170 169 166 163 154 150 147 149 165 163 153 152 154 157 137 217 197 124 0 0 0 0 0 0 0 0 0 0 0 0 0 0 0 0 0 0 0 0 0 0 0 0 0 0 0 0 
0 0 0 0 0 0 0 0 0 0 0 0 0 0 0 0 0 0 0 0 0 0 0 0 0 0 0 0 108 196 228 174 157 150 155 152 153 155 156 158 159 162 163 167 167 171 172 175 176 179 181 183 186 188 189 190 191 189 175 169 166 164 161 159 159 157 158 158 158 159 164 167 173 176 180 183 188 191 196 200 207 214 224 238 240 241 246 246 248 250 251 251 231 217 207 201 196 191 187 183 178 174 168 166 162 159 154 151 142 140 139 138 140 139 138 140 138 141 141 142 143 146 148 151 156 161 167 180 184 181 178 176 175 172 171 168 166 164 162 159 159 155 155 154 146 135 146 157 174 228 196 108 0 0 0 0 0 0 0 0 0 0 0 0 0 0 0 0 0 0 0 0 0 0 0 0 0 0 0 0 
